Time,Voltage(V),Current(A),Energy(Wh),Capacity(Ah),Energy Proportion(%),Capacity Proportion(%),Irradiance(W/m2),Power(W),Power Score,Sun Score
00:00:00,4.6950,1.9888,0.0259,0.0055,0.12,0.11,0.0,9.34,93.4,0.0
00:00:10,4.7020,1.9887,0.0519,0.0110,0.25,0.22,0.0,9.35,93.5,0.0
00:00:20,4.7070,1.9894,0.0779,0.0166,0.37,0.34,0.0,9.36,93.6,0.0
00:00:30,4.7070,1.9891,0.1039,0.0221,0.50,0.45,0.0,9.36,93.6,0.0
00:00:40,4.7060,1.9886,0.1299,0.0276,0.62,0.56,0.0,9.36,93.6,0.0
00:00:50,4.7060,1.9887,0.1559,0.0331,0.74,0.67,0.0,9.36,93.6,0.0
00:01:00,4.7050,1.9881,0.1819,0.0387,0.87,0.78,0.0,9.35,93.5,0.0
00:01:10,4.7040,1.9882,0.2079,0.0442,0.99,0.90,0.0,9.35,93.5,0.0
00:01:20,4.7040,1.9879,0.2339,0.0497,1.12,1.01,0.0,9.35,93.5,0.0
00:01:30,4.7030,1.9880,0.2598,0.0552,1.24,1.12,0.0,9.35,93.5,0.0
00:01:40,4.7030,1.9880,0.2858,0.0608,1.36,1.23,0.0,9.35,93.5,0.0
00:01:50,4.7030,1.9880,0.3118,0.0663,1.49,1.34,0.0,9.35,93.5,0.0
00:02:00,4.7020,1.9884,0.3377,0.0718,1.61,1.46,0.0,9.35,93.5,0.0
00:02:10,4.7010,1.9881,0.3637,0.0773,1.73,1.57,0.0,9.35,93.5,0.0
00:02:20,4.7010,1.9880,0.3897,0.0829,1.86,1.68,0.0,9.35,93.5,0.0
00:02:30,4.7010,1.9880,0.4156,0.0884,1.98,1.79,0.0,9.35,93.5,0.0
00:02:40,4.7000,1.9888,0.4416,0.0939,2.11,1.90,0.0,9.35,93.5,0.0
00:02:50,4.7000,1.9878,0.4675,0.0994,2.23,2.01,0.0,9.34,93.4,0.0
00:03:00,4.7000,1.9881,0.4935,0.1049,2.35,2.13,0.0,9.34,93.4,0.0
00:03:10,4.7000,1.9877,0.5194,0.1105,2.48,2.24,0.0,9.34,93.4,0.0
00:03:20,4.6990,1.9879,0.5454,0.1160,2.60,2.35,0.0,9.34,93.4,0.0
00:03:30,4.6990,1.9878,0.5713,0.1215,2.72,2.46,0.0,9.34,93.4,0.0
00:03:40,4.6990,1.9878,0.5973,0.1270,2.85,2.57,0.0,9.34,93.4,0.0
00:03:50,4.6980,1.9876,0.6232,0.1325,2.97,2.69,0.0,9.34,93.4,0.0
00:04:00,4.6970,1.9871,0.6492,0.1381,3.10,2.80,0.0,9.33,93.3,0.0
00:04:10,4.6970,1.9875,0.6751,0.1436,3.22,2.91,0.0,9.34,93.4,0.0
00:04:20,4.6970,1.9877,0.7010,0.1491,3.34,3.02,0.0,9.34,93.4,0.0
00:04:30,4.6960,1.9880,0.7270,0.1546,3.47,3.13,0.0,9.34,93.4,0.0
00:04:40,4.6960,1.9872,0.7529,0.1602,3.59,3.25,0.0,9.33,93.3,0.0
00:04:50,4.6950,1.9870,0.7788,0.1657,3.71,3.36,0.0,9.33,93.3,0.0
00:05:00,4.6950,1.9876,0.8047,0.1712,3.84,3.47,0.0,9.33,93.3,0.0
00:05:10,4.6950,1.9876,0.8306,0.1767,3.96,3.58,0.0,9.33,93.3,0.0
00:05:20,4.6950,1.9873,0.8565,0.1822,4.08,3.69,0.0,9.33,93.3,0.0
00:05:30,4.6950,1.9868,0.8825,0.1878,4.21,3.81,0.0,9.33,93.3,0.0
00:05:40,4.6950,1.9876,0.9084,0.1933,4.33,3.92,0.0,9.33,93.3,0.0
00:05:50,4.6950,1.9878,0.9343,0.1988,4.45,4.03,0.0,9.33,93.3,0.0
00:06:00,4.6950,1.9878,0.9602,0.2043,4.58,4.14,0.0,9.33,93.3,0.0
00:06:10,4.6950,1.9880,0.9862,0.2098,4.70,4.25,0.0,9.33,93.3,0.0
00:06:20,4.6950,1.9876,1.0121,0.2154,4.83,4.36,0.0,9.33,93.3,0.0
00:06:30,4.6940,1.9879,1.0380,0.2209,4.95,4.48,0.0,9.33,93.3,0.0
00:06:40,4.6940,1.9874,1.0639,0.2264,5.07,4.59,0.0,9.33,93.3,0.0
00:06:50,4.6940,1.9877,1.0898,0.2319,5.20,4.70,0.0,9.33,93.3,0.0
00:07:00,4.6940,1.9880,1.1157,0.2374,5.32,4.81,0.0,9.33,93.3,0.0
00:07:10,4.6940,1.9877,1.1417,0.2430,5.44,4.92,0.0,9.33,93.3,0.0
00:07:20,4.6940,1.9878,1.1676,0.2485,5.57,5.04,0.0,9.33,93.3,0.0
00:07:30,4.6930,1.9877,1.1935,0.2540,5.69,5.15,0.0,9.33,93.3,0.0
00:07:40,4.6930,1.9883,1.2194,0.2595,5.81,5.26,0.0,9.33,93.3,0.0
00:07:50,4.6930,1.9877,1.2453,0.2651,5.94,5.37,0.0,9.33,93.3,0.0
00:08:00,4.6920,1.9881,1.2712,0.2706,6.06,5.48,0.0,9.33,93.3,0.0
00:08:10,4.6920,1.9878,1.2971,0.2761,6.18,5.60,0.0,9.33,93.3,0.0
00:08:20,4.6920,1.9879,1.3231,0.2816,6.31,5.71,0.0,9.33,93.3,0.0
00:08:30,4.6910,1.9880,1.3490,0.2871,6.43,5.82,0.0,9.33,93.3,0.0
00:08:40,4.6910,1.9880,1.3749,0.2927,6.56,5.93,0.0,9.33,93.3,0.0
00:08:50,4.6910,1.9876,1.4008,0.2982,6.68,6.04,0.0,9.32,93.2,0.0
00:09:00,4.6900,1.9872,1.4267,0.3037,6.80,6.16,0.0,9.32,93.2,0.0
00:09:10,4.6900,1.9875,1.4525,0.3092,6.93,6.27,0.0,9.32,93.2,0.0
00:09:20,4.6890,1.9885,1.4784,0.3148,7.05,6.38,0.0,9.32,93.2,0.0
00:09:30,4.6890,1.9876,1.5043,0.3203,7.17,6.49,0.0,9.32,93.2,0.0
00:09:40,4.6890,1.9876,1.5302,0.3258,7.30,6.60,0.0,9.32,93.2,0.0
00:09:50,4.6900,1.9871,1.5561,0.3313,7.42,6.71,0.0,9.32,93.2,0.0
00:10:00,4.6900,1.9872,1.5820,0.3368,7.54,6.83,0.0,9.32,93.2,0.0
00:10:10,4.6900,1.9874,1.6079,0.3424,7.67,6.94,0.0,9.32,93.2,0.0
00:10:20,4.6900,1.9875,1.6338,0.3479,7.79,7.05,0.0,9.32,93.2,0.0
00:10:30,4.6900,1.9872,1.6597,0.3534,7.91,7.16,0.0,9.32,93.2,0.0
00:10:40,4.6900,1.9874,1.6856,0.3589,8.04,7.27,0.0,9.32,93.2,0.0
00:10:50,4.6890,1.9868,1.7114,0.3644,8.16,7.39,0.0,9.32,93.2,0.0
00:11:00,4.6880,1.9876,1.7373,0.3700,8.28,7.50,0.0,9.32,93.2,0.0
00:11:10,4.6870,1.9870,1.7632,0.3755,8.41,7.61,0.0,9.31,93.1,0.0
00:11:20,4.6870,1.9872,1.7891,0.3810,8.53,7.72,0.0,9.31,93.1,0.0
00:11:30,4.6860,1.9873,1.8149,0.3865,8.65,7.83,0.0,9.31,93.1,0.0
00:11:40,4.6860,1.9871,1.8408,0.3920,8.78,7.95,0.0,9.31,93.1,0.0
00:11:50,4.6860,1.9875,1.8667,0.3976,8.90,8.06,0.0,9.31,93.1,0.0
00:12:00,4.6860,1.9869,1.8925,0.4031,9.02,8.17,0.0,9.31,93.1,0.0
00:12:10,4.6870,1.9870,1.9184,0.4086,9.15,8.28,0.0,9.31,93.1,0.0
00:12:20,4.6880,1.9875,1.9443,0.4141,9.27,8.39,0.0,9.32,93.2,0.0
00:12:30,4.6880,1.9878,1.9702,0.4196,9.39,8.50,0.0,9.32,93.2,0.0
00:12:40,4.6880,1.9877,1.9961,0.4252,9.52,8.62,0.0,9.32,93.2,0.0
00:12:50,4.6880,1.9877,2.0219,0.4307,9.64,8.73,0.0,9.32,93.2,0.0
00:13:00,4.6870,1.9876,2.0478,0.4362,9.76,8.84,0.0,9.32,93.2,0.0
00:13:10,4.6870,1.9872,2.0737,0.4417,9.89,8.95,0.0,9.31,93.1,0.0
00:13:20,4.6860,1.9883,2.0996,0.4472,10.01,9.06,0.0,9.32,93.2,0.0
00:13:30,4.6870,1.9876,2.1254,0.4528,10.13,9.18,0.0,9.32,93.2,0.0
00:13:40,4.6870,1.9881,2.1513,0.4583,10.26,9.29,0.0,9.32,93.2,0.0
00:13:50,4.6870,1.9878,2.1772,0.4638,10.38,9.40,0.0,9.32,93.2,0.0
00:14:00,4.6860,1.9882,2.2031,0.4693,10.50,9.51,0.0,9.32,93.2,0.0
00:14:10,4.6860,1.9876,2.2290,0.4749,10.63,9.62,0.0,9.31,93.1,0.0
00:14:20,4.6850,1.9876,2.2548,0.4804,10.75,9.74,0.0,9.31,93.1,0.0
00:14:30,4.6850,1.9875,2.2807,0.4859,10.87,9.85,0.0,9.31,93.1,0.0
00:14:40,4.6850,1.9872,2.3066,0.4914,11.00,9.96,0.0,9.31,93.1,0.0
00:14:50,4.6850,1.9873,2.3324,0.4969,11.12,10.07,0.0,9.31,93.1,0.0
00:15:00,4.6850,1.9870,2.3583,0.5025,11.24,10.18,0.0,9.31,93.1,0.0
00:15:10,4.6840,1.9878,2.3841,0.5080,11.37,10.30,0.0,9.31,93.1,0.0
00:15:20,4.6840,1.9872,2.4100,0.5135,11.49,10.41,0.0,9.31,93.1,0.0
00:15:30,4.6840,1.9875,2.4359,0.5190,11.61,10.52,0.0,9.31,93.1,0.0
00:15:40,4.6840,1.9876,2.4617,0.5245,11.74,10.63,0.0,9.31,93.1,0.0
00:15:50,4.6840,1.9876,2.4876,0.5301,11.86,10.74,0.0,9.31,93.1,0.0
00:16:00,4.6850,1.9869,2.5134,0.5356,11.98,10.85,0.0,9.31,93.1,0.0
00:16:10,4.6850,1.9872,2.5393,0.5411,12.11,10.97,0.0,9.31,93.1,0.0
00:16:20,4.6850,1.9873,2.5652,0.5466,12.23,11.08,0.0,9.31,93.1,0.0
00:16:30,4.6850,1.9877,2.5910,0.5521,12.35,11.19,0.0,9.31,93.1,0.0
00:16:40,4.6850,1.9868,2.6169,0.5577,12.48,11.30,0.0,9.31,93.1,0.0
00:16:50,4.6850,1.9874,2.6427,0.5632,12.60,11.41,0.0,9.31,93.1,0.0
00:17:00,4.6850,1.9875,2.6686,0.5687,12.72,11.53,0.0,9.31,93.1,0.0
00:17:10,4.6850,1.9875,2.6945,0.5742,12.85,11.64,0.0,9.31,93.1,0.0
00:17:20,4.6850,1.9873,2.7203,0.5797,12.97,11.75,0.0,9.31,93.1,0.0
00:17:30,4.6860,1.9874,2.7462,0.5853,13.09,11.86,0.0,9.31,93.1,0.0
00:17:40,4.6860,1.9874,2.7721,0.5908,13.22,11.97,0.0,9.31,93.1,0.0
00:17:50,4.6860,1.9875,2.7979,0.5963,13.34,12.09,0.0,9.31,93.1,0.0
00:18:00,4.6860,1.9875,2.8238,0.6018,13.46,12.20,0.0,9.31,93.1,0.0
00:18:10,4.6860,1.9877,2.8497,0.6073,13.59,12.31,0.0,9.31,93.1,0.0
00:18:20,4.6860,1.9872,2.8756,0.6129,13.71,12.42,0.0,9.31,93.1,0.0
00:18:30,4.6860,1.9869,2.9014,0.6184,13.83,12.53,0.0,9.31,93.1,0.0
00:18:40,4.6860,1.9878,2.9273,0.6239,13.96,12.64,0.0,9.31,93.1,0.0
00:18:50,4.6870,1.9875,2.9532,0.6294,14.08,12.76,0.0,9.32,93.2,0.0
00:19:00,4.6870,1.9876,2.9791,0.6349,14.20,12.87,0.0,9.32,93.2,0.0
00:19:10,4.6870,1.9879,3.0049,0.6405,14.33,12.98,0.0,9.32,93.2,0.0
00:19:20,4.6870,1.9874,3.0308,0.6460,14.45,13.09,0.0,9.31,93.1,0.0
00:19:30,4.6870,1.9880,3.0567,0.6515,14.57,13.20,0.0,9.32,93.2,0.0
00:19:40,4.6870,1.9879,3.0826,0.6570,14.70,13.32,0.0,9.32,93.2,0.0
00:19:50,4.6860,1.9876,3.1084,0.6626,14.82,13.43,0.0,9.31,93.1,0.0
00:20:00,4.6860,1.9880,3.1343,0.6681,14.94,13.54,0.0,9.32,93.2,0.0
00:20:10,4.6870,1.9880,3.1602,0.6736,15.07,13.65,0.0,9.32,93.2,0.0
00:20:20,4.6870,1.9875,3.1861,0.6791,15.19,13.76,0.0,9.32,93.2,0.0
00:20:30,4.6870,1.9886,3.2120,0.6846,15.31,13.88,0.0,9.32,93.2,0.0
00:20:40,4.6870,1.9881,3.2379,0.6902,15.44,13.99,0.0,9.32,93.2,0.0
00:20:50,4.6860,1.9878,3.2637,0.6957,15.56,14.10,0.0,9.31,93.1,0.0
00:21:00,4.6870,1.9874,3.2896,0.7012,15.68,14.21,0.0,9.31,93.1,0.0
00:21:10,4.6870,1.9871,3.3155,0.7067,15.81,14.32,0.0,9.31,93.1,0.0
00:21:20,4.6860,1.9872,3.3413,0.7123,15.93,14.44,0.0,9.31,93.1,0.0
00:21:30,4.6860,1.9876,3.3672,0.7178,16.05,14.55,0.0,9.31,93.1,0.0
00:21:40,4.6860,1.9873,3.3931,0.7233,16.18,14.66,0.0,9.31,93.1,0.0
00:21:50,4.6860,1.9873,3.4189,0.7288,16.30,14.77,0.0,9.31,93.1,0.0
00:22:00,4.6850,1.9871,3.4448,0.7343,16.42,14.88,0.0,9.31,93.1,0.0
00:22:10,4.6850,1.9879,3.4707,0.7399,16.55,14.99,0.0,9.31,93.1,0.0
00:22:20,4.6850,1.9881,3.4966,0.7454,16.67,15.11,0.0,9.31,93.1,0.0
00:22:30,4.6860,1.9876,3.5224,0.7509,16.79,15.22,0.0,9.31,93.1,0.0
00:22:40,4.6860,1.9874,3.5483,0.7564,16.92,15.33,0.0,9.31,93.1,0.0
00:22:50,4.6860,1.9873,3.5742,0.7619,17.04,15.44,0.0,9.31,93.1,0.0
00:23:00,4.6860,1.9878,3.6000,0.7675,17.16,15.55,0.0,9.31,93.1,0.0
00:23:10,4.6850,1.9875,3.6259,0.7730,17.29,15.67,0.0,9.31,93.1,0.0
00:23:20,4.6850,1.9874,3.6518,0.7785,17.41,15.78,0.0,9.31,93.1,0.0
00:23:30,4.6860,1.9875,3.6776,0.7840,17.53,15.89,0.0,9.31,93.1,0.0
00:23:40,4.6850,1.9877,3.7035,0.7895,17.66,16.00,0.0,9.31,93.1,0.0
00:23:50,4.6860,1.9883,3.7294,0.7951,17.78,16.11,0.0,9.32,93.2,0.0
00:24:00,4.6860,1.9876,3.7553,0.8006,17.90,16.23,0.0,9.31,93.1,0.0
00:24:10,4.6870,1.9877,3.7811,0.8061,18.03,16.34,0.0,9.32,93.2,0.0
00:24:20,4.6870,1.9871,3.8070,0.8116,18.15,16.45,0.0,9.31,93.1,0.0
00:24:30,4.6870,1.9876,3.8329,0.8172,18.27,16.56,0.0,9.32,93.2,0.0
00:24:40,4.6870,1.9882,3.8588,0.8227,18.40,16.67,0.0,9.32,93.2,0.0
00:24:50,4.6870,1.9878,3.8846,0.8282,18.52,16.79,0.0,9.32,93.2,0.0
00:25:00,4.6880,1.9883,3.9105,0.8337,18.64,16.90,0.0,9.32,93.2,0.0
00:25:10,4.6880,1.9876,3.9364,0.8392,18.77,17.01,0.0,9.32,93.2,0.0
00:25:20,4.6870,1.9875,3.9623,0.8448,18.89,17.12,0.0,9.32,93.2,0.0
00:25:30,4.6870,1.9881,3.9882,0.8503,19.01,17.23,0.0,9.32,93.2,0.0
00:25:40,4.6870,1.9884,4.0141,0.8558,19.14,17.34,0.0,9.32,93.2,0.0
00:25:50,4.6880,1.9884,4.0400,0.8613,19.26,17.46,0.0,9.32,93.2,0.0
00:26:00,4.6880,1.9876,4.0658,0.8668,19.39,17.57,0.0,9.32,93.2,0.0
00:26:10,4.6870,1.9877,4.0917,0.8724,19.51,17.68,0.0,9.32,93.2,0.0
00:26:20,4.6870,1.9874,4.1176,0.8779,19.63,17.79,0.0,9.31,93.1,0.0
00:26:30,4.6870,1.9881,4.1435,0.8834,19.76,17.90,0.0,9.32,93.2,0.0
00:26:40,4.6870,1.9885,4.1694,0.8889,19.88,18.02,0.0,9.32,93.2,0.0
00:26:50,4.6870,1.9879,4.1953,0.8945,20.00,18.13,0.0,9.32,93.2,0.0
00:27:00,4.6870,1.9880,4.2211,0.9000,20.13,18.24,0.0,9.32,93.2,0.0
00:27:10,4.6870,1.9871,4.2470,0.9055,20.25,18.35,0.0,9.31,93.1,0.0
00:27:20,4.6870,1.9880,4.2729,0.9110,20.37,18.46,0.0,9.32,93.2,0.0
00:27:30,4.6870,1.9881,4.2988,0.9165,20.50,18.58,0.0,9.32,93.2,0.0
00:27:40,4.6870,1.9881,4.3247,0.9221,20.62,18.69,0.0,9.32,93.2,0.0
00:27:50,4.6870,1.9876,4.3505,0.9276,20.74,18.80,0.0,9.32,93.2,0.0
00:28:00,4.6870,1.9877,4.3764,0.9331,20.87,18.91,0.0,9.32,93.2,0.0
00:28:10,4.6870,1.9875,4.4023,0.9386,20.99,19.02,0.0,9.32,93.2,0.0
00:28:20,4.6870,1.9875,4.4282,0.9442,21.11,19.14,0.0,9.32,93.2,0.0
00:28:30,4.6860,1.9879,4.4540,0.9497,21.24,19.25,0.0,9.32,93.2,0.0
00:28:40,4.6860,1.9880,4.4799,0.9552,21.36,19.36,0.0,9.32,93.2,0.0
00:28:50,4.6860,1.9890,4.5058,0.9607,21.48,19.47,0.0,9.32,93.2,0.0
00:29:00,4.6850,1.9879,4.5317,0.9662,21.61,19.58,0.0,9.31,93.1,0.0
00:29:10,4.6850,1.9879,4.5576,0.9718,21.73,19.70,0.0,9.31,93.1,0.0
00:29:20,4.6850,1.9876,4.5834,0.9773,21.85,19.81,0.0,9.31,93.1,0.0
00:29:30,4.6850,1.9872,4.6093,0.9828,21.98,19.92,0.0,9.31,93.1,0.0
00:29:40,4.6850,1.9876,4.6351,0.9883,22.10,20.03,0.0,9.31,93.1,0.0
00:29:50,4.6850,1.9879,4.6610,0.9939,22.22,20.14,0.0,9.31,93.1,0.0
00:30:00,4.6840,1.9876,4.6869,0.9994,22.35,20.25,0.0,9.31,93.1,0.0
00:30:10,4.6840,1.9874,4.7127,1.0049,22.47,20.37,0.0,9.31,93.1,0.0
00:30:20,4.6830,1.9879,4.7386,1.0104,22.59,20.48,0.0,9.31,93.1,0.0
00:30:30,4.6830,1.9875,4.7644,1.0159,22.72,20.59,0.0,9.31,93.1,0.0
00:30:40,4.6820,1.9872,4.7903,1.0215,22.84,20.70,0.0,9.3,93.0,0.0
00:30:50,4.6820,1.9876,4.8161,1.0270,22.96,20.81,0.0,9.31,93.1,0.0
00:31:00,4.6820,1.9878,4.8420,1.0325,23.09,20.93,0.0,9.31,93.1,0.0
00:31:10,4.6820,1.9875,4.8678,1.0380,23.21,21.04,0.0,9.31,93.1,0.0
00:31:20,4.6820,1.9875,4.8937,1.0435,23.33,21.15,0.0,9.31,93.1,0.0
00:31:30,4.6820,1.9867,4.9195,1.0491,23.46,21.26,0.0,9.3,93.0,0.0
00:31:40,4.6820,1.9875,4.9454,1.0546,23.58,21.37,0.0,9.31,93.1,0.0
00:31:50,4.6820,1.9872,4.9712,1.0601,23.70,21.49,0.0,9.3,93.0,0.0
00:32:00,4.6820,1.9868,4.9971,1.0656,23.83,21.60,0.0,9.3,93.0,0.0
00:32:10,4.6820,1.9878,5.0229,1.0711,23.95,21.71,0.0,9.31,93.1,0.0
00:32:20,4.6820,1.9869,5.0488,1.0767,24.07,21.82,0.0,9.3,93.0,0.0
00:32:30,4.6830,1.9866,5.0746,1.0822,24.19,21.93,0.0,9.3,93.0,0.0
00:32:40,4.6830,1.9873,5.1005,1.0877,24.32,22.04,0.0,9.31,93.1,0.0
00:32:50,4.6840,1.9874,5.1263,1.0932,24.44,22.16,0.0,9.31,93.1,0.0
00:33:00,4.6850,1.9869,5.1522,1.0987,24.56,22.27,0.0,9.31,93.1,0.0
00:33:10,4.6850,1.9869,5.1780,1.1043,24.69,22.38,0.0,9.31,93.1,0.0
00:33:20,4.6850,1.9873,5.2039,1.1098,24.81,22.49,0.0,9.31,93.1,0.0
00:33:30,4.6840,1.9877,5.2297,1.1153,24.93,22.60,0.0,9.31,93.1,0.0
00:33:40,4.6840,1.9872,5.2556,1.1208,25.06,22.72,0.0,9.31,93.1,0.0
00:33:50,4.6840,1.9873,5.2815,1.1263,25.18,22.83,0.0,9.31,93.1,0.0
00:34:00,4.6850,1.9873,5.3073,1.1319,25.30,22.94,0.0,9.31,93.1,0.0
00:34:10,4.6850,1.9874,5.3332,1.1374,25.43,23.05,0.0,9.31,93.1,0.0
00:34:20,4.6850,1.9875,5.3591,1.1429,25.55,23.16,0.0,9.31,93.1,0.0
00:34:30,4.6850,1.9875,5.3849,1.1484,25.67,23.28,0.0,9.31,93.1,0.0
00:34:40,4.6860,1.9874,5.4108,1.1539,25.80,23.39,0.0,9.31,93.1,0.0
00:34:50,4.6860,1.9874,5.4367,1.1595,25.92,23.50,0.0,9.31,93.1,0.0
00:35:00,4.6870,1.9875,5.4625,1.1650,26.04,23.61,0.0,9.32,93.2,0.0
00:35:10,4.6870,1.9878,5.4884,1.1705,26.17,23.72,0.0,9.32,93.2,0.0
00:35:20,4.6870,1.9875,5.5143,1.1760,26.29,23.83,0.0,9.32,93.2,0.0
00:35:30,4.6860,1.9880,5.5402,1.1815,26.41,23.95,0.0,9.32,93.2,0.0
00:35:40,4.6860,1.9875,5.5660,1.1871,26.54,24.06,0.0,9.31,93.1,0.0
00:35:50,4.6860,1.9881,5.5919,1.1926,26.66,24.17,0.0,9.32,93.2,0.0
00:36:00,4.6860,1.9873,5.6178,1.1981,26.78,24.28,0.0,9.31,93.1,0.0
00:36:10,4.6860,1.9877,5.6437,1.2036,26.91,24.39,0.0,9.31,93.1,0.0
00:36:20,4.6860,1.9876,5.6695,1.2092,27.03,24.51,0.0,9.31,93.1,0.0
00:36:30,4.6870,1.9875,5.6954,1.2147,27.15,24.62,0.0,9.32,93.2,0.0
00:36:40,4.6870,1.9873,5.7213,1.2202,27.28,24.73,0.0,9.31,93.1,0.0
00:36:50,4.6870,1.9878,5.7472,1.2257,27.40,24.84,0.0,9.32,93.2,0.0
00:37:00,4.6870,1.9878,5.7730,1.2312,27.52,24.95,0.0,9.32,93.2,0.0
00:37:10,4.6870,1.9878,5.7989,1.2368,27.65,25.07,0.0,9.32,93.2,0.0
00:37:20,4.6870,1.9875,5.8248,1.2423,27.77,25.18,0.0,9.32,93.2,0.0
00:37:30,4.6870,1.9869,5.8507,1.2478,27.89,25.29,0.0,9.31,93.1,0.0
00:37:40,4.6870,1.9874,5.8765,1.2533,28.02,25.40,0.0,9.31,93.1,0.0
00:37:50,4.6860,1.9875,5.9024,1.2588,28.14,25.51,0.0,9.31,93.1,0.0
00:38:00,4.6870,1.9874,5.9283,1.2644,28.27,25.63,0.0,9.31,93.1,0.0
00:38:10,4.6860,1.9874,5.9542,1.2699,28.39,25.74,0.0,9.31,93.1,0.0
00:38:20,4.6860,1.9876,5.9800,1.2754,28.51,25.85,0.0,9.31,93.1,0.0
00:38:30,4.6860,1.9875,6.0059,1.2809,28.64,25.96,0.0,9.31,93.1,0.0
00:38:40,4.6860,1.9873,6.0318,1.2864,28.76,26.07,0.0,9.31,93.1,0.0
00:38:50,4.6860,1.9871,6.0576,1.2920,28.88,26.18,0.0,9.31,93.1,0.0
00:39:00,4.6860,1.9876,6.0835,1.2975,29.01,26.30,0.0,9.31,93.1,0.0
00:39:10,4.6850,1.9875,6.1094,1.3030,29.13,26.41,0.0,9.31,93.1,0.0
00:39:20,4.6860,1.9878,6.1352,1.3085,29.25,26.52,0.0,9.31,93.1,0.0
00:39:30,4.6850,1.9883,6.1611,1.3141,29.38,26.63,0.0,9.32,93.2,0.0
00:39:40,4.6850,1.9875,6.1870,1.3196,29.50,26.74,0.0,9.31,93.1,0.0
00:39:50,4.6850,1.9877,6.2128,1.3251,29.62,26.86,0.0,9.31,93.1,0.0
00:40:00,4.6850,1.9874,6.2387,1.3306,29.75,26.97,0.0,9.31,93.1,0.0
00:40:10,4.6840,1.9876,6.2646,1.3361,29.87,27.08,0.0,9.31,93.1,0.0
00:40:20,4.6840,1.9873,6.2904,1.3417,29.99,27.19,0.0,9.31,93.1,0.0
00:40:30,4.6840,1.9873,6.3163,1.3472,30.12,27.30,0.0,9.31,93.1,0.0
00:40:40,4.6840,1.9876,6.3421,1.3527,30.24,27.42,0.0,9.31,93.1,0.0
00:40:50,4.6830,1.9877,6.3680,1.3582,30.36,27.53,0.0,9.31,93.1,0.0
00:41:00,4.6830,1.9873,6.3939,1.3637,30.48,27.64,0.0,9.31,93.1,0.0
00:41:10,4.6830,1.9876,6.4197,1.3693,30.61,27.75,0.0,9.31,93.1,0.0
00:41:20,4.6840,1.9868,6.4456,1.3748,30.73,27.86,0.0,9.31,93.1,0.0
00:41:30,4.6840,1.9873,6.4714,1.3803,30.85,27.98,0.0,9.31,93.1,0.0
00:41:40,4.6830,1.9880,6.4973,1.3858,30.98,28.09,0.0,9.31,93.1,0.0
00:41:50,4.6820,1.9877,6.5231,1.3913,31.10,28.20,0.0,9.31,93.1,0.0
00:42:00,4.6830,1.9869,6.5490,1.3969,31.22,28.31,0.0,9.3,93.0,0.0
00:42:10,4.6820,1.9870,6.5748,1.4024,31.35,28.42,0.0,9.3,93.0,0.0
00:42:20,4.6820,1.9859,6.6006,1.4079,31.47,28.53,0.0,9.3,93.0,0.0
00:42:30,4.6820,1.9874,6.6265,1.4134,31.59,28.65,0.0,9.31,93.1,0.0
00:42:40,4.6820,1.9874,6.6523,1.4189,31.72,28.76,0.0,9.31,93.1,0.0
00:42:50,4.6820,1.9872,6.6782,1.4245,31.84,28.87,0.0,9.3,93.0,0.0
00:43:00,4.6820,1.9869,6.7040,1.4300,31.96,28.98,0.0,9.3,93.0,0.0
00:43:10,4.6820,1.9875,6.7299,1.4355,32.09,29.09,0.0,9.31,93.1,0.0
00:43:20,4.6830,1.9874,6.7557,1.4410,32.21,29.21,0.0,9.31,93.1,0.0
00:43:30,4.6820,1.9874,6.7816,1.4465,32.33,29.32,0.0,9.31,93.1,0.0
00:43:40,4.6820,1.9876,6.8074,1.4521,32.46,29.43,0.0,9.31,93.1,0.0
00:43:50,4.6830,1.9867,6.8333,1.4576,32.58,29.54,0.0,9.3,93.0,0.0
00:44:00,4.6820,1.9869,6.8591,1.4631,32.70,29.65,0.0,9.3,93.0,0.0
00:44:10,4.6820,1.9869,6.8849,1.4686,32.83,29.77,0.0,9.3,93.0,0.0
00:44:20,4.6820,1.9872,6.9108,1.4741,32.95,29.88,0.0,9.3,93.0,0.0
00:44:30,4.6830,1.9872,6.9366,1.4797,33.07,29.99,0.0,9.31,93.1,0.0
00:44:40,4.6820,1.9878,6.9625,1.4852,33.20,30.10,0.0,9.31,93.1,0.0
00:44:50,4.6820,1.9875,6.9883,1.4907,33.32,30.21,0.0,9.31,93.1,0.0
00:45:00,4.6830,1.9875,7.0142,1.4962,33.44,30.32,0.0,9.31,93.1,0.0
00:45:10,4.6830,1.9870,7.0400,1.5017,33.57,30.44,0.0,9.31,93.1,0.0
00:45:20,4.6820,1.9871,7.0659,1.5073,33.69,30.55,0.0,9.3,93.0,0.0
00:45:30,4.6820,1.9876,7.0917,1.5128,33.81,30.66,0.0,9.31,93.1,0.0
00:45:40,4.6820,1.9878,7.1176,1.5183,33.94,30.77,0.0,9.31,93.1,0.0
00:45:50,4.6820,1.9870,7.1434,1.5238,34.06,30.88,0.0,9.3,93.0,0.0
00:46:00,4.6820,1.9870,7.1693,1.5293,34.18,31.00,0.0,9.3,93.0,0.0
00:46:10,4.6820,1.9870,7.1951,1.5349,34.31,31.11,0.0,9.3,93.0,0.0
00:46:20,4.6820,1.9869,7.2210,1.5404,34.43,31.22,0.0,9.3,93.0,0.0
00:46:30,4.6820,1.9873,7.2468,1.5459,34.55,31.33,0.0,9.3,93.0,0.0
00:46:40,4.6830,1.9875,7.2727,1.5514,34.67,31.44,0.0,9.31,93.1,0.0
00:46:50,4.6830,1.9865,7.2985,1.5569,34.80,31.56,0.0,9.3,93.0,0.0
00:47:00,4.6840,1.9870,7.3244,1.5625,34.92,31.67,0.0,9.31,93.1,0.0
00:47:10,4.6840,1.9871,7.3502,1.5680,35.04,31.78,0.0,9.31,93.1,0.0
00:47:20,4.6840,1.9877,7.3761,1.5735,35.17,31.89,0.0,9.31,93.1,0.0
00:47:30,4.6840,1.9882,7.4019,1.5790,35.29,32.00,0.0,9.31,93.1,0.0
00:47:40,4.6830,1.9877,7.4278,1.5845,35.41,32.11,0.0,9.31,93.1,0.0
00:47:50,4.6830,1.9877,7.4537,1.5901,35.54,32.23,0.0,9.31,93.1,0.0
00:48:00,4.6840,1.9879,7.4795,1.5956,35.66,32.34,0.0,9.31,93.1,0.0
00:48:10,4.6840,1.9878,7.5054,1.6011,35.78,32.45,0.0,9.31,93.1,0.0
00:48:20,4.6840,1.9884,7.5313,1.6066,35.91,32.56,0.0,9.31,93.1,0.0
00:48:30,4.6830,1.9877,7.5571,1.6122,36.03,32.67,0.0,9.31,93.1,0.0
00:48:40,4.6820,1.9878,7.5830,1.6177,36.15,32.79,0.0,9.31,93.1,0.0
00:48:50,4.6820,1.9874,7.6088,1.6232,36.28,32.90,0.0,9.31,93.1,0.0
00:49:00,4.6820,1.9872,7.6347,1.6287,36.40,33.01,0.0,9.3,93.0,0.0
00:49:10,4.6820,1.9872,7.6605,1.6342,36.52,33.12,0.0,9.3,93.0,0.0
00:49:20,4.6820,1.9866,7.6863,1.6398,36.65,33.23,0.0,9.3,93.0,0.0
00:49:30,4.6820,1.9874,7.7122,1.6453,36.77,33.35,0.0,9.31,93.1,0.0
00:49:40,4.6820,1.9868,7.7380,1.6508,36.89,33.46,0.0,9.3,93.0,0.0
00:49:50,4.6830,1.9868,7.7639,1.6563,37.02,33.57,0.0,9.3,93.0,0.0
00:50:00,4.6820,1.9874,7.7897,1.6618,37.14,33.68,0.0,9.31,93.1,0.0
00:50:10,4.6820,1.9873,7.8156,1.6674,37.26,33.79,0.0,9.3,93.0,0.0
00:50:20,4.6830,1.9879,7.8414,1.6729,37.39,33.90,0.0,9.31,93.1,0.0
00:50:30,4.6830,1.9878,7.8673,1.6784,37.51,34.02,0.0,9.31,93.1,0.0
00:50:40,4.6840,1.9873,7.8931,1.6839,37.63,34.13,0.0,9.31,93.1,0.0
00:50:50,4.6840,1.9875,7.9190,1.6894,37.76,34.24,0.0,9.31,93.1,0.0
00:51:00,4.6840,1.9879,7.9449,1.6950,37.88,34.35,0.0,9.31,93.1,0.0
00:51:10,4.6840,1.9875,7.9707,1.7005,38.00,34.46,0.0,9.31,93.1,0.0
00:51:20,4.6840,1.9877,7.9966,1.7060,38.13,34.58,0.0,9.31,93.1,0.0
00:51:30,4.6830,1.9877,8.0224,1.7115,38.25,34.69,0.0,9.31,93.1,0.0
00:51:40,4.6830,1.9869,8.0483,1.7170,38.37,34.80,0.0,9.3,93.0,0.0
00:51:50,4.6820,1.9876,8.0741,1.7226,38.50,34.91,0.0,9.31,93.1,0.0
00:52:00,4.6830,1.9878,8.1000,1.7281,38.62,35.02,0.0,9.31,93.1,0.0
00:52:10,4.6820,1.9877,8.1258,1.7336,38.74,35.14,0.0,9.31,93.1,0.0
00:52:20,4.6820,1.9873,8.1517,1.7391,38.87,35.25,0.0,9.3,93.0,0.0
00:52:30,4.6820,1.9876,8.1775,1.7446,38.99,35.36,0.0,9.31,93.1,0.0
00:52:40,4.6820,1.9872,8.2034,1.7502,39.11,35.47,0.0,9.3,93.0,0.0
00:52:50,4.6820,1.9873,8.2292,1.7557,39.24,35.58,0.0,9.3,93.0,0.0
00:53:00,4.6820,1.9873,8.2551,1.7612,39.36,35.70,0.0,9.3,93.0,0.0
00:53:10,4.6820,1.9870,8.2809,1.7667,39.48,35.81,0.0,9.3,93.0,0.0
00:53:20,4.6810,1.9873,8.3068,1.7722,39.61,35.92,0.0,9.3,93.0,0.0
00:53:30,4.6810,1.9873,8.3326,1.7778,39.73,36.03,0.0,9.3,93.0,0.0
00:53:40,4.6820,1.9870,8.3584,1.7833,39.85,36.14,0.0,9.3,93.0,0.0
00:53:50,4.6810,1.9873,8.3843,1.7888,39.97,36.25,0.0,9.3,93.0,0.0
00:54:00,4.6810,1.9867,8.4101,1.7943,40.10,36.37,0.0,9.3,93.0,0.0
00:54:10,4.6820,1.9874,8.4360,1.7998,40.22,36.48,0.0,9.31,93.1,0.0
00:54:20,4.6810,1.9870,8.4618,1.8054,40.34,36.59,0.0,9.3,93.0,0.0
00:54:30,4.6810,1.9871,8.4876,1.8109,40.47,36.70,0.0,9.3,93.0,0.0
00:54:40,4.6810,1.9869,8.5135,1.8164,40.59,36.81,0.0,9.3,93.0,0.0
00:54:50,4.6810,1.9874,8.5393,1.8219,40.71,36.93,0.0,9.3,93.0,0.0
00:55:00,4.6810,1.9876,8.5652,1.8274,40.84,37.04,0.0,9.3,93.0,0.0
00:55:10,4.6810,1.9870,8.5910,1.8330,40.96,37.15,0.0,9.3,93.0,0.0
00:55:20,4.6800,1.9871,8.6168,1.8385,41.08,37.26,0.0,9.3,93.0,0.0
00:55:30,4.6800,1.9870,8.6427,1.8440,41.21,37.37,0.0,9.3,93.0,0.0
00:55:40,4.6800,1.9880,8.6685,1.8495,41.33,37.49,0.0,9.3,93.0,0.0
00:55:50,4.6810,1.9870,8.6943,1.8550,41.45,37.60,0.0,9.3,93.0,0.0
00:56:00,4.6810,1.9873,8.7202,1.8606,41.58,37.71,0.0,9.3,93.0,0.0
00:56:10,4.6810,1.9870,8.7460,1.8661,41.70,37.82,0.0,9.3,93.0,0.0
00:56:20,4.6800,1.9873,8.7718,1.8716,41.82,37.93,0.0,9.3,93.0,0.0
00:56:30,4.6790,1.9878,8.7977,1.8771,41.95,38.04,0.0,9.3,93.0,0.0
00:56:40,4.6790,1.9872,8.8235,1.8826,42.07,38.16,0.0,9.3,93.0,0.0
00:56:50,4.6790,1.9871,8.8493,1.8882,42.19,38.27,0.0,9.3,93.0,0.0
00:57:00,4.6780,1.9870,8.8752,1.8937,42.32,38.38,0.0,9.3,93.0,0.0
00:57:10,4.6780,1.9874,8.9010,1.8992,42.44,38.49,0.0,9.3,93.0,0.0
00:57:20,4.6780,1.9877,8.9268,1.9047,42.56,38.60,0.0,9.3,93.0,0.0
00:57:30,4.6780,1.9870,8.9526,1.9103,42.68,38.72,0.0,9.3,93.0,0.0
00:57:40,4.6790,1.9869,8.9785,1.9158,42.81,38.83,0.0,9.3,93.0,0.0
00:57:50,4.6790,1.9874,9.0043,1.9213,42.93,38.94,0.0,9.3,93.0,0.0
00:58:00,4.6790,1.9869,9.0301,1.9268,43.05,39.05,0.0,9.3,93.0,0.0
00:58:10,4.6790,1.9883,9.0560,1.9323,43.18,39.16,0.0,9.3,93.0,0.0
00:58:20,4.6790,1.9871,9.0818,1.9379,43.30,39.28,0.0,9.3,93.0,0.0
00:58:30,4.6790,1.9870,9.1076,1.9434,43.42,39.39,0.0,9.3,93.0,0.0
00:58:40,4.6790,1.9874,9.1334,1.9489,43.55,39.50,0.0,9.3,93.0,0.0
00:58:50,4.6790,1.9874,9.1593,1.9544,43.67,39.61,0.0,9.3,93.0,0.0
00:59:00,4.6800,1.9873,9.1851,1.9599,43.79,39.72,0.0,9.3,93.0,0.0
00:59:10,4.6800,1.9874,9.2109,1.9655,43.92,39.83,0.0,9.3,93.0,0.0
00:59:20,4.6800,1.9874,9.2368,1.9710,44.04,39.95,0.0,9.3,93.0,0.0
00:59:30,4.6800,1.9872,9.2626,1.9765,44.16,40.06,0.0,9.3,93.0,0.0
00:59:40,4.6800,1.9873,9.2884,1.9820,44.29,40.17,0.0,9.3,93.0,0.0
00:59:50,4.6800,1.9872,9.3143,1.9875,44.41,40.28,0.0,9.3,93.0,0.0
01:00:00,4.6800,1.9872,9.3401,1.9931,44.53,40.39,0.0,9.3,93.0,0.0
01:00:10,4.6800,1.9873,9.3659,1.9986,44.66,40.51,0.0,9.3,93.0,0.0
01:00:20,4.6800,1.9872,9.3918,2.0041,44.78,40.62,0.0,9.3,93.0,0.0
01:00:30,4.6800,1.9868,9.4176,2.0096,44.90,40.73,0.0,9.3,93.0,0.0
01:00:40,4.6800,1.9871,9.4434,2.0151,45.02,40.84,0.0,9.3,93.0,0.0
01:00:50,4.6800,1.9875,9.4693,2.0207,45.15,40.95,0.0,9.3,93.0,0.0
01:01:00,4.6800,1.9874,9.4951,2.0262,45.27,41.07,0.0,9.3,93.0,0.0
01:01:10,4.6800,1.9876,9.5210,2.0317,45.39,41.18,0.0,9.3,93.0,0.0
01:01:20,4.6790,1.9879,9.5468,2.0372,45.52,41.29,0.0,9.3,93.0,0.0
01:01:30,4.6790,1.9877,9.5726,2.0427,45.64,41.40,0.0,9.3,93.0,0.0
01:01:40,4.6790,1.9872,9.5985,2.0483,45.76,41.51,0.0,9.3,93.0,0.0
01:01:50,4.6780,1.9876,9.6243,2.0538,45.89,41.62,0.0,9.3,93.0,0.0
01:02:00,4.6780,1.9867,9.6501,2.0593,46.01,41.74,0.0,9.29,92.9,0.0
01:02:10,4.6770,1.9861,9.6759,2.0648,46.13,41.85,0.0,9.29,92.9,0.0
01:02:20,4.6770,1.9873,9.7017,2.0703,46.26,41.96,0.0,9.29,92.9,0.0
01:02:30,4.6770,1.9871,9.7275,2.0759,46.38,42.07,0.0,9.29,92.9,0.0
01:02:40,4.6770,1.9872,9.7533,2.0814,46.50,42.18,0.0,9.29,92.9,0.0
01:02:50,4.6760,1.9870,9.7792,2.0869,46.63,42.30,0.0,9.29,92.9,0.0
01:03:00,4.6750,1.9873,9.8050,2.0924,46.75,42.41,0.0,9.29,92.9,0.0
01:03:10,4.6750,1.9871,9.8308,2.0979,46.87,42.52,0.0,9.29,92.9,0.0
01:03:20,4.6750,1.9870,9.8566,2.1035,46.99,42.63,0.0,9.29,92.9,0.0
01:03:30,4.6750,1.9871,9.8824,2.1090,47.12,42.74,0.0,9.29,92.9,0.0
01:03:40,4.6750,1.9876,9.9082,2.1145,47.24,42.86,0.0,9.29,92.9,0.0
01:03:50,4.6750,1.9871,9.9340,2.1200,47.36,42.97,0.0,9.29,92.9,0.0
01:04:00,4.6750,1.9869,9.9598,2.1255,47.49,43.08,0.0,9.29,92.9,0.0
01:04:10,4.6750,1.9865,9.9856,2.1311,47.61,43.19,0.0,9.29,92.9,0.0
01:04:20,4.6750,1.9882,10.0114,2.1366,47.73,43.30,0.0,9.29,92.9,0.0
01:04:30,4.6760,1.9868,10.0372,2.1421,47.86,43.41,0.0,9.29,92.9,0.0
01:04:40,4.6770,1.9874,10.0630,2.1476,47.98,43.53,0.0,9.3,93.0,0.0
01:04:50,4.6780,1.9866,10.0889,2.1531,48.10,43.64,0.0,9.29,92.9,0.0
01:05:00,4.6780,1.9883,10.1147,2.1587,48.23,43.75,0.0,9.3,93.0,0.0
01:05:10,4.6790,1.9872,10.1405,2.1642,48.35,43.86,0.0,9.3,93.0,0.0
01:05:20,4.6790,1.9874,10.1663,2.1697,48.47,43.97,0.0,9.3,93.0,0.0
01:05:30,4.6800,1.9873,10.1922,2.1752,48.59,44.09,0.0,9.3,93.0,0.0
01:05:40,4.6800,1.9873,10.2180,2.1807,48.72,44.20,0.0,9.3,93.0,0.0
01:05:50,4.6800,1.9876,10.2439,2.1863,48.84,44.31,0.0,9.3,93.0,0.0
01:06:00,4.6800,1.9873,10.2697,2.1918,48.96,44.42,0.0,9.3,93.0,0.0
01:06:10,4.6810,1.9874,10.2955,2.1973,49.09,44.53,0.0,9.3,93.0,0.0
01:06:20,4.6810,1.9878,10.3214,2.2028,49.21,44.65,0.0,9.3,93.0,0.0
01:06:30,4.6820,1.9876,10.3472,2.2083,49.33,44.76,0.0,9.31,93.1,0.0
01:06:40,4.6820,1.9877,10.3731,2.2139,49.46,44.87,0.0,9.31,93.1,0.0
01:06:50,4.6820,1.9876,10.3989,2.2194,49.58,44.98,0.0,9.31,93.1,0.0
01:07:00,4.6820,1.9878,10.4248,2.2249,49.70,45.09,0.0,9.31,93.1,0.0
01:07:10,4.6820,1.9875,10.4506,2.2304,49.83,45.20,0.0,9.31,93.1,0.0
01:07:20,4.6820,1.9875,10.4765,2.2359,49.95,45.32,0.0,9.31,93.1,0.0
01:07:30,4.6820,1.9876,10.5023,2.2415,50.07,45.43,0.0,9.31,93.1,0.0
01:07:40,4.6820,1.9876,10.5282,2.2470,50.20,45.54,0.0,9.31,93.1,0.0
01:07:50,4.6820,1.9876,10.5540,2.2525,50.32,45.65,0.0,9.31,93.1,0.0
01:08:00,4.6820,1.9873,10.5799,2.2580,50.44,45.76,0.0,9.3,93.0,0.0
01:08:10,4.6820,1.9875,10.6057,2.2636,50.57,45.88,0.0,9.31,93.1,0.0
01:08:20,4.6830,1.9872,10.6316,2.2691,50.69,45.99,0.0,9.31,93.1,0.0
01:08:30,4.6830,1.9880,10.6574,2.2746,50.81,46.10,0.0,9.31,93.1,0.0
01:08:40,4.6830,1.9879,10.6833,2.2801,50.94,46.21,0.0,9.31,93.1,0.0
01:08:50,4.6840,1.9876,10.7092,2.2856,51.06,46.32,0.0,9.31,93.1,0.0
01:09:00,4.6840,1.9880,10.7350,2.2912,51.18,46.44,0.0,9.31,93.1,0.0
01:09:10,4.6840,1.9879,10.7609,2.2967,51.31,46.55,0.0,9.31,93.1,0.0
01:09:20,4.6840,1.9880,10.7868,2.3022,51.43,46.66,0.0,9.31,93.1,0.0
01:09:30,4.6840,1.9882,10.8126,2.3077,51.55,46.77,0.0,9.31,93.1,0.0
01:09:40,4.6840,1.9882,10.8385,2.3132,51.68,46.88,0.0,9.31,93.1,0.0
01:09:50,4.6830,1.9891,10.8644,2.3188,51.80,47.00,0.0,9.31,93.1,0.0
01:10:00,4.6820,1.9876,10.8902,2.3243,51.92,47.11,0.0,9.31,93.1,0.0
01:10:10,4.6820,1.9884,10.9161,2.3298,52.05,47.22,0.0,9.31,93.1,0.0
01:10:20,4.6820,1.9877,10.9419,2.3353,52.17,47.33,0.0,9.31,93.1,0.0
01:10:30,4.6820,1.9874,10.9678,2.3409,52.29,47.44,0.0,9.31,93.1,0.0
01:10:40,4.6840,1.9875,10.9936,2.3464,52.42,47.55,0.0,9.31,93.1,0.0
01:10:50,4.6850,1.9882,11.0195,2.3519,52.54,47.67,0.0,9.31,93.1,0.0
01:11:00,4.6850,1.9883,11.0454,2.3574,52.66,47.78,0.0,9.32,93.2,0.0
01:11:10,4.6850,1.9879,11.0713,2.3629,52.79,47.89,0.0,9.31,93.1,0.0
01:11:20,4.6850,1.9879,11.0971,2.3685,52.91,48.00,0.0,9.31,93.1,0.0
01:11:30,4.6850,1.9874,11.1230,2.3740,53.03,48.11,0.0,9.31,93.1,0.0
01:11:40,4.6860,1.9880,11.1489,2.3795,53.16,48.23,0.0,9.32,93.2,0.0
01:11:50,4.6860,1.9878,11.1747,2.3850,53.28,48.34,0.0,9.31,93.1,0.0
01:12:00,4.6860,1.9880,11.2006,2.3906,53.40,48.45,0.0,9.32,93.2,0.0
01:12:10,4.6860,1.9874,11.2265,2.3961,53.53,48.56,0.0,9.31,93.1,0.0
01:12:20,4.6870,1.9878,11.2524,2.4016,53.65,48.67,0.0,9.32,93.2,0.0
01:12:30,4.6860,1.9880,11.2782,2.4071,53.77,48.79,0.0,9.32,93.2,0.0
01:12:40,4.6860,1.9877,11.3041,2.4126,53.90,48.90,0.0,9.31,93.1,0.0
01:12:50,4.6850,1.9879,11.3300,2.4182,54.02,49.01,0.0,9.31,93.1,0.0
01:13:00,4.6850,1.9878,11.3559,2.4237,54.14,49.12,0.0,9.31,93.1,0.0
01:13:10,4.6850,1.9881,11.3817,2.4292,54.27,49.23,0.0,9.31,93.1,0.0
01:13:20,4.6850,1.9873,11.4076,2.4347,54.39,49.35,0.0,9.31,93.1,0.0
01:13:30,4.6850,1.9877,11.4335,2.4403,54.51,49.46,0.0,9.31,93.1,0.0
01:13:40,4.6850,1.9884,11.4593,2.4458,54.64,49.57,0.0,9.32,93.2,0.0
01:13:50,4.6840,1.9881,11.4852,2.4513,54.76,49.68,0.0,9.31,93.1,0.0
01:14:00,4.6840,1.9881,11.5111,2.4568,54.88,49.79,0.0,9.31,93.1,0.0
01:14:10,4.6840,1.9882,11.5369,2.4623,55.01,49.91,0.0,9.31,93.1,0.0
01:14:20,4.6850,1.9879,11.5628,2.4679,55.13,50.02,0.0,9.31,93.1,0.0
01:14:30,4.6860,1.9878,11.5887,2.4734,55.25,50.13,0.0,9.31,93.1,0.0
01:14:40,4.6860,1.9872,11.6145,2.4789,55.38,50.24,0.0,9.31,93.1,0.0
01:14:50,4.6860,1.9883,11.6404,2.4844,55.50,50.35,0.0,9.32,93.2,0.0
01:15:00,4.6870,1.9879,11.6663,2.4900,55.62,50.46,0.0,9.32,93.2,0.0
01:15:10,4.6860,1.9878,11.6922,2.4955,55.75,50.58,0.0,9.31,93.1,0.0
01:15:20,4.6860,1.9879,11.7181,2.5010,55.87,50.69,0.0,9.32,93.2,0.0
01:15:30,4.6850,1.9877,11.7439,2.5065,55.99,50.80,0.0,9.31,93.1,0.0
01:15:40,4.6850,1.9878,11.7698,2.5120,56.12,50.91,0.0,9.31,93.1,0.0
01:15:50,4.6850,1.9877,11.7957,2.5176,56.24,51.02,0.0,9.31,93.1,0.0
01:16:00,4.6860,1.9875,11.8215,2.5231,56.36,51.14,0.0,9.31,93.1,0.0
01:16:10,4.6860,1.9876,11.8474,2.5286,56.49,51.25,0.0,9.31,93.1,0.0
01:16:20,4.6860,1.9875,11.8733,2.5341,56.61,51.36,0.0,9.31,93.1,0.0
01:16:30,4.6850,1.9881,11.8992,2.5396,56.73,51.47,0.0,9.31,93.1,0.0
01:16:40,4.6850,1.9872,11.9250,2.5452,56.86,51.58,0.0,9.31,93.1,0.0
01:16:50,4.6850,1.9872,11.9509,2.5507,56.98,51.70,0.0,9.31,93.1,0.0
01:17:00,4.6840,1.9890,11.9768,2.5562,57.10,51.81,0.0,9.32,93.2,0.0
01:17:10,4.6840,1.9874,12.0026,2.5617,57.23,51.92,0.0,9.31,93.1,0.0
01:17:20,4.6840,1.9875,12.0285,2.5673,57.35,52.03,0.0,9.31,93.1,0.0
01:17:30,4.6840,1.9878,12.0543,2.5728,57.47,52.14,0.0,9.31,93.1,0.0
01:17:40,4.6830,1.9878,12.0802,2.5783,57.60,52.26,0.0,9.31,93.1,0.0
01:17:50,4.6820,1.9872,12.1060,2.5838,57.72,52.37,0.0,9.3,93.0,0.0
01:18:00,4.6820,1.9878,12.1319,2.5893,57.84,52.48,0.0,9.31,93.1,0.0
01:18:10,4.6820,1.9867,12.1577,2.5949,57.97,52.59,0.0,9.3,93.0,0.0
01:18:20,4.6820,1.9874,12.1836,2.6004,58.09,52.70,0.0,9.31,93.1,0.0
01:18:30,4.6820,1.9877,12.2094,2.6059,58.21,52.81,0.0,9.31,93.1,0.0
01:18:40,4.6820,1.9878,12.2353,2.6114,58.34,52.93,0.0,9.31,93.1,0.0
01:18:50,4.6820,1.9874,12.2611,2.6169,58.46,53.04,0.0,9.31,93.1,0.0
01:19:00,4.6820,1.9870,12.2870,2.6225,58.58,53.15,0.0,9.3,93.0,0.0
01:19:10,4.6820,1.9875,12.3128,2.6280,58.71,53.26,0.0,9.31,93.1,0.0
01:19:20,4.6820,1.9878,12.3387,2.6335,58.83,53.37,0.0,9.31,93.1,0.0
01:19:30,4.6830,1.9877,12.3645,2.6390,58.95,53.49,0.0,9.31,93.1,0.0
01:19:40,4.6830,1.9871,12.3904,2.6445,59.08,53.60,0.0,9.31,93.1,0.0
01:19:50,4.6830,1.9879,12.4162,2.6501,59.20,53.71,0.0,9.31,93.1,0.0
01:20:00,4.6830,1.9887,12.4421,2.6556,59.32,53.82,0.0,9.31,93.1,0.0
01:20:10,4.6830,1.9878,12.4680,2.6611,59.45,53.93,0.0,9.31,93.1,0.0
01:20:20,4.6830,1.9881,12.4938,2.6666,59.57,54.05,0.0,9.31,93.1,0.0
01:20:30,4.6830,1.9879,12.5197,2.6722,59.69,54.16,0.0,9.31,93.1,0.0
01:20:40,4.6820,1.9878,12.5455,2.6777,59.82,54.27,0.0,9.31,93.1,0.0
01:20:50,4.6830,1.9877,12.5714,2.6832,59.94,54.38,0.0,9.31,93.1,0.0
01:21:00,4.6840,1.9877,12.5973,2.6887,60.06,54.49,0.0,9.31,93.1,0.0
01:21:10,4.6850,1.9878,12.6231,2.6942,60.18,54.61,0.0,9.31,93.1,0.0
01:21:20,4.6850,1.9875,12.6490,2.6998,60.31,54.72,0.0,9.31,93.1,0.0
01:21:30,4.6850,1.9872,12.6748,2.7053,60.43,54.83,0.0,9.31,93.1,0.0
01:21:40,4.6850,1.9882,12.7007,2.7108,60.55,54.94,0.0,9.31,93.1,0.0
01:21:50,4.6850,1.9876,12.7266,2.7163,60.68,55.05,0.0,9.31,93.1,0.0
01:22:00,4.6850,1.9876,12.7525,2.7218,60.80,55.16,0.0,9.31,93.1,0.0
01:22:10,4.6840,1.9878,12.7783,2.7274,60.92,55.28,0.0,9.31,93.1,0.0
01:22:20,4.6830,1.9878,12.8042,2.7329,61.05,55.39,0.0,9.31,93.1,0.0
01:22:30,4.6830,1.9878,12.8300,2.7384,61.17,55.50,0.0,9.31,93.1,0.0
01:22:40,4.6830,1.9880,12.8559,2.7439,61.29,55.61,0.0,9.31,93.1,0.0
01:22:50,4.6830,1.9877,12.8818,2.7495,61.42,55.72,0.0,9.31,93.1,0.0
01:23:00,4.6830,1.9875,12.9076,2.7550,61.54,55.84,0.0,9.31,93.1,0.0
01:23:10,4.6830,1.9875,12.9335,2.7605,61.66,55.95,0.0,9.31,93.1,0.0
01:23:20,4.6830,1.9885,12.9593,2.7660,61.79,56.06,0.0,9.31,93.1,0.0
01:23:30,4.6820,1.9879,12.9852,2.7715,61.91,56.17,0.0,9.31,93.1,0.0
01:23:40,4.6810,1.9884,13.0110,2.7771,62.03,56.28,0.0,9.31,93.1,0.0
01:23:50,4.6820,1.9880,13.0369,2.7826,62.16,56.40,0.0,9.31,93.1,0.0
01:24:00,4.6810,1.9875,13.0627,2.7881,62.28,56.51,0.0,9.3,93.0,0.0
01:24:10,4.6800,1.9878,13.0886,2.7936,62.40,56.62,0.0,9.3,93.0,0.0
01:24:20,4.6800,1.9885,13.1144,2.7992,62.53,56.73,0.0,9.31,93.1,0.0
01:24:30,4.6790,1.9875,13.1403,2.8047,62.65,56.84,0.0,9.3,93.0,0.0
01:24:40,4.6800,1.9873,13.1661,2.8102,62.77,56.96,0.0,9.3,93.0,0.0
01:24:50,4.6810,1.9876,13.1919,2.8157,62.90,57.07,0.0,9.3,93.0,0.0
01:25:00,4.6800,1.9874,13.2178,2.8212,63.02,57.18,0.0,9.3,93.0,0.0
01:25:10,4.6800,1.9874,13.2436,2.8268,63.14,57.29,0.0,9.3,93.0,0.0
01:25:20,4.6790,1.9877,13.2694,2.8323,63.27,57.40,0.0,9.3,93.0,0.0
01:25:30,4.6790,1.9878,13.2953,2.8378,63.39,57.51,0.0,9.3,93.0,0.0
01:25:40,4.6780,1.9877,13.3211,2.8433,63.51,57.63,0.0,9.3,93.0,0.0
01:25:50,4.6770,1.9878,13.3469,2.8488,63.64,57.74,0.0,9.3,93.0,0.0
01:26:00,4.6770,1.9877,13.3728,2.8544,63.76,57.85,0.0,9.3,93.0,0.0
01:26:10,4.6770,1.9872,13.3986,2.8599,63.88,57.96,0.0,9.29,92.9,0.0
01:26:20,4.6770,1.9882,13.4244,2.8654,64.01,58.07,0.0,9.3,93.0,0.0
01:26:30,4.6770,1.9874,13.4502,2.8709,64.13,58.19,0.0,9.3,93.0,0.0
01:26:40,4.6770,1.9877,13.4760,2.8764,64.25,58.30,0.0,9.3,93.0,0.0
01:26:50,4.6770,1.9872,13.5019,2.8820,64.37,58.41,0.0,9.29,92.9,0.0
01:27:00,4.6760,1.9874,13.5277,2.8875,64.50,58.52,0.0,9.29,92.9,0.0
01:27:10,4.6720,1.9869,13.5535,2.8930,64.62,58.63,0.0,9.28,92.8,0.0
01:27:20,4.6390,1.9869,13.5791,2.8985,64.74,58.75,0.0,9.22,92.2,0.0
01:27:30,4.6420,1.9883,13.6047,2.9041,64.86,58.86,0.0,9.23,92.3,0.0
01:27:40,4.6360,1.9867,13.6303,2.9096,64.99,58.97,0.0,9.21,92.1,0.0
01:27:50,4.6300,1.9870,13.6558,2.9151,65.11,59.08,0.0,9.2,92.0,0.0
01:28:00,4.6320,1.9879,13.6814,2.9206,65.23,59.19,0.0,9.21,92.1,0.0
01:28:10,4.6390,1.9872,13.7070,2.9261,65.35,59.30,0.0,9.22,92.2,0.0
01:28:20,4.6410,1.9885,13.7327,2.9317,65.48,59.42,0.0,9.23,92.3,0.0
01:28:30,4.6540,1.9875,13.7584,2.9372,65.60,59.53,0.0,9.25,92.5,0.0
01:28:40,4.6800,1.9878,13.7842,2.9427,65.72,59.64,0.0,9.3,93.0,0.0
01:28:50,4.6800,1.9872,13.8100,2.9482,65.84,59.75,0.0,9.3,93.0,0.0
01:29:00,4.6800,1.9878,13.8359,2.9537,65.97,59.86,0.0,9.3,93.0,0.0
01:29:10,4.6800,1.9880,13.8617,2.9593,66.09,59.98,0.0,9.3,93.0,0.0
01:29:20,4.6800,1.9878,13.8876,2.9648,66.21,60.09,0.0,9.3,93.0,0.0
01:29:30,4.6800,1.9880,13.9134,2.9703,66.34,60.20,0.0,9.3,93.0,0.0
01:29:40,4.6800,1.9878,13.9392,2.9758,66.46,60.31,0.0,9.3,93.0,0.0
01:29:50,4.6790,1.9881,13.9651,2.9813,66.58,60.42,0.0,9.3,93.0,0.0
01:30:00,4.6780,1.9883,13.9909,2.9869,66.71,60.54,0.0,9.3,93.0,0.0
01:30:10,4.6190,1.9868,14.0164,2.9924,66.83,60.65,0.0,9.18,91.8,0.0
01:30:20,4.5960,1.9875,14.0418,2.9979,66.95,60.76,0.0,9.13,91.3,0.0
01:30:30,4.5650,1.9878,14.0670,3.0034,67.07,60.87,0.0,9.07,90.7,0.0
01:30:40,4.5540,1.9873,14.0921,3.0090,67.19,60.98,0.0,9.05,90.5,0.0
01:30:50,4.5100,1.9872,14.1170,3.0145,67.31,61.10,0.0,8.96,89.6,0.0
01:31:00,4.4740,1.9872,14.1417,3.0200,67.43,61.21,0.0,8.89,88.9,0.0
01:31:10,4.4300,1.9873,14.1662,3.0255,67.54,61.32,0.0,8.8,88.0,0.0
01:31:20,4.3980,1.9869,14.1905,3.0310,67.66,61.43,0.0,8.74,87.4,0.0
01:31:30,4.3720,1.9873,14.2146,3.0366,67.77,61.54,0.0,8.69,86.9,0.0
01:31:40,4.3650,1.9877,14.2387,3.0421,67.89,61.65,0.0,8.68,86.8,0.0
01:31:50,4.3460,1.9872,14.2627,3.0476,68.00,61.77,0.0,8.64,86.4,0.0
01:32:00,4.3190,1.9875,14.2865,3.0531,68.12,61.88,0.0,8.58,85.8,0.0
01:32:10,4.3190,1.9869,14.3104,3.0586,68.23,61.99,0.0,8.58,85.8,0.0
01:32:20,4.3250,1.9872,14.3342,3.0642,68.34,62.10,0.0,8.59,85.9,0.0
01:32:30,4.3160,1.9871,14.3581,3.0697,68.46,62.21,0.0,8.58,85.8,0.0
01:32:40,4.2850,1.9873,14.3817,3.0752,68.57,62.33,0.0,8.52,85.2,0.0
01:32:50,4.2830,1.9868,14.4054,3.0807,68.68,62.44,0.0,8.51,85.1,0.0
01:33:00,4.2800,1.9860,14.4290,3.0862,68.79,62.55,0.0,8.5,85.0,0.0
01:33:10,4.2260,1.9873,14.4523,3.0918,68.91,62.66,0.0,8.4,84.0,0.0
01:33:20,4.1720,1.9885,14.4753,3.0973,69.02,62.77,0.0,8.3,83.0,0.0
01:33:30,4.1770,1.9878,14.4984,3.1028,69.13,62.89,0.0,8.3,83.0,0.0
01:33:40,4.2180,1.9870,14.5217,3.1083,69.24,63.00,0.0,8.38,83.8,0.0
01:33:50,4.2580,1.9877,14.5452,3.1138,69.35,63.11,0.0,8.46,84.6,0.0
01:34:00,4.2500,1.9873,14.5687,3.1194,69.46,63.22,0.0,8.45,84.5,0.0
01:34:10,4.2620,1.9870,14.5922,3.1249,69.57,63.33,0.0,8.47,84.7,0.0
01:34:20,4.2740,1.9855,14.6157,3.1304,69.69,63.44,0.0,8.49,84.9,0.0
01:34:30,4.2640,1.9870,14.6393,3.1359,69.80,63.56,0.0,8.47,84.7,0.0
01:34:40,4.2710,1.9867,14.6629,3.1414,69.91,63.67,0.0,8.49,84.9,0.0
01:34:50,4.2470,1.9876,14.6863,3.1470,70.02,63.78,0.0,8.44,84.4,0.0
01:35:00,4.2010,1.9875,14.7095,3.1525,70.13,63.89,0.0,8.35,83.5,0.0
01:35:10,4.0890,1.9871,14.7321,3.1580,70.24,64.00,0.0,8.13,81.3,0.0
01:35:20,4.0380,1.9849,14.7543,3.1635,70.35,64.12,0.0,8.02,80.2,0.0
01:35:30,4.0220,1.9844,14.7765,3.1690,70.45,64.23,0.0,7.98,79.8,0.0
01:35:40,4.0030,1.9854,14.7986,3.1745,70.56,64.34,0.0,7.95,79.5,0.0
01:35:50,4.0010,1.9838,14.8206,3.1800,70.66,64.45,0.0,7.94,79.4,0.0
01:36:00,3.9910,1.9825,14.8426,3.1855,70.77,64.56,0.0,7.91,79.1,0.0
01:36:10,3.9780,1.9819,14.8645,3.1911,70.87,64.67,0.0,7.88,78.8,0.0
01:36:20,3.9610,1.9778,14.8863,3.1965,70.98,64.79,0.0,7.83,78.3,0.0
01:36:30,3.9620,1.9776,14.9080,3.2020,71.08,64.90,0.0,7.84,78.4,0.0
01:36:40,3.9470,1.9731,14.9297,3.2075,71.18,65.01,0.0,7.79,77.9,0.0
01:36:50,3.9420,1.9701,14.9512,3.2130,71.29,65.12,0.0,7.77,77.7,0.0
01:37:00,3.9420,1.9698,14.9728,3.2185,71.39,65.23,0.0,7.76,77.6,0.0
01:37:10,3.9400,1.9698,14.9944,3.2239,71.49,65.34,0.0,7.76,77.6,0.0
01:37:20,3.9490,1.9735,15.0160,3.2294,71.59,65.45,0.0,7.79,77.9,0.0
01:37:30,3.9460,1.9727,15.0376,3.2349,71.70,65.56,0.0,7.78,77.8,0.0
01:37:40,3.9450,1.9726,15.0592,3.2404,71.80,65.67,0.0,7.78,77.8,0.0
01:37:50,3.9480,1.9745,15.0809,3.2459,71.90,65.79,0.0,7.8,78.0,0.0
01:38:00,3.9490,1.9738,15.1026,3.2513,72.01,65.90,0.0,7.79,77.9,0.0
01:38:10,3.9470,1.9729,15.1242,3.2568,72.11,66.01,0.0,7.79,77.9,0.0
01:38:20,3.9430,1.9702,15.1458,3.2623,72.21,66.12,0.0,7.77,77.7,0.0
01:38:30,3.9420,1.9708,15.1673,3.2678,72.32,66.23,0.0,7.77,77.7,0.0
01:38:40,3.9440,1.9722,15.1889,3.2733,72.42,66.34,0.0,7.78,77.8,0.0
01:38:50,3.9410,1.9695,15.2105,3.2787,72.52,66.45,0.0,7.76,77.6,0.0
01:39:00,3.9350,1.9669,15.2320,3.2842,72.62,66.56,0.0,7.74,77.4,0.0
01:39:10,3.9330,1.9661,15.2535,3.2896,72.73,66.67,0.0,7.73,77.3,0.0
01:39:20,3.9350,1.9679,15.2750,3.2951,72.83,66.78,0.0,7.74,77.4,0.0
01:39:30,3.9380,1.9700,15.2965,3.3006,72.93,66.89,0.0,7.76,77.6,0.0
01:39:40,3.9450,1.9722,15.3182,3.3061,73.03,67.01,0.0,7.78,77.8,0.0
01:39:50,3.9470,1.9727,15.3398,3.3115,73.14,67.12,0.0,7.79,77.9,0.0
01:40:00,3.9460,1.9728,15.3614,3.3170,73.24,67.23,0.0,7.78,77.8,0.0
01:40:10,3.9410,1.9715,15.3830,3.3225,73.34,67.34,0.0,7.77,77.7,0.0
01:40:20,3.9350,1.9677,15.4045,3.3280,73.45,67.45,0.0,7.74,77.4,0.0
01:40:30,3.9320,1.9658,15.4260,3.3334,73.55,67.56,0.0,7.73,77.3,0.0
01:40:40,3.9320,1.9661,15.4474,3.3389,73.65,67.67,0.0,7.73,77.3,0.0
01:40:50,3.9310,1.9653,15.4689,3.3443,73.75,67.78,0.0,7.73,77.3,0.0
01:41:00,3.9310,1.9655,15.4904,3.3498,73.86,67.89,0.0,7.73,77.3,0.0
01:41:10,3.9300,1.9656,15.5118,3.3553,73.96,68.00,0.0,7.72,77.2,0.0
01:41:20,3.9340,1.9669,15.5333,3.3607,74.06,68.11,0.0,7.74,77.4,0.0
01:41:30,3.9300,1.9650,15.5548,3.3662,74.16,68.22,0.0,7.72,77.2,0.0
01:41:40,3.9260,1.9633,15.5762,3.3716,74.26,68.33,0.0,7.71,77.1,0.0
01:41:50,3.9290,1.9649,15.5976,3.3771,74.37,68.44,0.0,7.72,77.2,0.0
01:42:00,3.9360,1.9678,15.6191,3.3826,74.47,68.56,0.0,7.75,77.5,0.0
01:42:10,3.9380,1.9690,15.6407,3.3880,74.57,68.67,0.0,7.75,77.5,0.0
01:42:20,3.9580,1.9705,15.6623,3.3935,74.68,68.78,0.0,7.8,78.0,0.0
01:42:30,3.9420,1.9707,15.6839,3.3990,74.78,68.89,0.0,7.77,77.7,0.0
01:42:40,3.9410,1.9708,15.7055,3.4045,74.88,69.00,0.0,7.77,77.7,0.0
01:42:50,3.9450,1.9721,15.7271,3.4099,74.98,69.11,0.0,7.78,77.8,0.0
01:43:00,3.9470,1.9732,15.7487,3.4154,75.09,69.22,0.0,7.79,77.9,0.0
01:43:10,3.9480,1.9734,15.7704,3.4209,75.19,69.33,0.0,7.79,77.9,0.0
01:43:20,3.9440,1.9718,15.7920,3.4264,75.29,69.44,0.0,7.78,77.8,0.0
01:43:30,3.9400,1.9706,15.8136,3.4319,75.40,69.55,0.0,7.76,77.6,0.0
01:43:40,3.9370,1.9682,15.8351,3.4373,75.50,69.67,0.0,7.75,77.5,0.0
01:43:50,3.9350,1.9670,15.8566,3.4428,75.60,69.78,0.0,7.74,77.4,0.0
01:44:00,3.9330,1.9656,15.8781,3.4482,75.70,69.89,0.0,7.73,77.3,0.0
01:44:10,3.9300,1.9643,15.8995,3.4537,75.81,70.00,0.0,7.72,77.2,0.0
01:44:20,3.9340,1.9660,15.9210,3.4592,75.91,70.11,0.0,7.73,77.3,0.0
01:44:30,3.9340,1.9669,15.9425,3.4646,76.01,70.22,0.0,7.74,77.4,0.0
01:44:40,3.9360,1.9678,15.9640,3.4701,76.11,70.33,0.0,7.75,77.5,0.0
01:44:50,3.5260,1.7583,15.9812,3.4750,76.20,70.43,0.0,6.2,62.0,0.0
01:45:00,2.5600,0.5710,15.9853,3.4766,76.22,70.46,0.0,1.46,14.6,0.0
01:45:10,2.5040,0.4212,15.9882,3.4777,76.23,70.48,0.0,1.05,10.5,0.0
01:45:20,2.5010,0.4016,15.9910,3.4788,76.24,70.51,0.0,1.0,10.0,0.0
01:45:30,2.4700,0.3417,15.9933,3.4798,76.25,70.53,0.0,0.84,8.4,0.0
01:45:40,2.4730,0.3485,15.9957,3.4808,76.27,70.55,0.0,0.86,8.6,0.0
01:45:50,2.4790,0.3591,15.9982,3.4818,76.28,70.57,0.0,0.89,8.9,0.0
01:46:00,2.4890,0.3837,16.0009,3.4828,76.29,70.59,0.0,0.96,9.6,0.0
01:46:10,2.5580,0.5656,16.0049,3.4844,76.31,70.62,0.0,1.45,14.5,0.0
01:46:20,2.7700,1.2410,16.0144,3.4878,76.35,70.69,0.0,3.44,34.4,0.0
01:46:30,3.7120,1.8396,16.0334,3.4930,76.44,70.79,0.0,6.83,68.3,0.0
01:46:40,3.8690,1.9287,16.0541,3.4983,76.54,70.90,0.0,7.46,74.6,0.0
01:46:50,3.8930,1.9433,16.0751,3.5037,76.64,71.01,0.0,7.57,75.7,0.0
01:47:00,3.9030,1.9490,16.0963,3.5091,76.74,71.12,0.0,7.61,76.1,0.0
01:47:10,3.9040,1.9497,16.1174,3.5145,76.85,71.23,0.0,7.61,76.1,0.0
01:47:20,3.8950,1.9448,16.1385,3.5199,76.95,71.34,0.0,7.57,75.7,0.0
01:47:30,3.8800,1.9372,16.1593,3.5253,77.05,71.45,0.0,7.52,75.2,0.0
01:47:40,3.8650,1.9296,16.1800,3.5307,77.14,71.56,0.0,7.46,74.6,0.0
01:47:50,3.8590,1.9266,16.2007,3.5360,77.24,71.67,0.0,7.43,74.3,0.0
01:48:00,3.8600,1.9270,16.2214,3.5414,77.34,71.77,0.0,7.44,74.4,0.0
01:48:10,3.8600,1.9268,16.2420,3.5467,77.44,71.88,0.0,7.44,74.4,0.0
01:48:20,3.8530,1.9236,16.2626,3.5521,77.54,71.99,0.0,7.41,74.1,0.0
01:48:30,3.8530,1.9223,16.2832,3.5574,77.64,72.10,0.0,7.41,74.1,0.0
01:48:40,3.8530,1.9241,16.3038,3.5628,77.73,72.21,0.0,7.41,74.1,0.0
01:48:50,3.8620,1.9282,16.3245,3.5681,77.83,72.32,0.0,7.45,74.5,0.0
01:49:00,3.8600,1.9261,16.3451,3.5735,77.93,72.42,0.0,7.43,74.3,0.0
01:49:10,3.8540,1.9255,16.3657,3.5788,78.03,72.53,0.0,7.42,74.2,0.0
01:49:20,3.8600,1.9285,16.3864,3.5842,78.13,72.64,0.0,7.44,74.4,0.0
01:49:30,3.8670,1.9293,16.4071,3.5895,78.23,72.75,0.0,7.46,74.6,0.0
01:49:40,3.8660,1.9297,16.4279,3.5949,78.33,72.86,0.0,7.46,74.6,0.0
01:49:50,3.8630,1.9280,16.4485,3.6003,78.42,72.97,0.0,7.45,74.5,0.0
01:50:00,3.8560,1.9247,16.4692,3.6056,78.52,73.08,0.0,7.42,74.2,0.0
01:50:10,3.8560,1.9256,16.4898,3.6110,78.62,73.18,0.0,7.43,74.3,0.0
01:50:20,3.8400,1.9178,16.5102,3.6163,78.72,73.29,0.0,7.36,73.6,0.0
01:50:30,3.8380,1.9147,16.5306,3.6216,78.82,73.40,0.0,7.35,73.5,0.0
01:50:40,3.8290,1.9107,16.5510,3.6269,78.91,73.51,0.0,7.32,73.2,0.0
01:50:50,3.8210,1.9053,16.5712,3.6322,79.01,73.62,0.0,7.28,72.8,0.0
01:51:00,3.8130,1.9030,16.5914,3.6375,79.10,73.72,0.0,7.26,72.6,0.0
01:51:10,3.8120,1.9013,16.6115,3.6428,79.20,73.83,0.0,7.25,72.5,0.0
01:51:20,3.8100,1.9003,16.6316,3.6480,79.30,73.94,0.0,7.24,72.4,0.0
01:51:30,3.8090,1.8988,16.6517,3.6533,79.39,74.04,0.0,7.23,72.3,0.0
01:51:40,3.8050,1.8978,16.6717,3.6586,79.49,74.15,0.0,7.22,72.2,0.0
01:51:50,3.8000,1.8944,16.6917,3.6639,79.58,74.26,0.0,7.2,72.0,0.0
01:52:00,3.7940,1.8920,16.7117,3.6691,79.68,74.36,0.0,7.18,71.8,0.0
01:52:10,3.7930,1.8915,16.7316,3.6744,79.77,74.47,0.0,7.17,71.7,0.0
01:52:20,3.7900,1.8903,16.7515,3.6796,79.87,74.58,0.0,7.16,71.6,0.0
01:52:30,3.7940,1.8919,16.7714,3.6849,79.96,74.68,0.0,7.18,71.8,0.0
01:52:40,3.7950,1.8916,16.7914,3.6901,80.06,74.79,0.0,7.18,71.8,0.0
01:52:50,3.7840,1.8875,16.8112,3.6954,80.15,74.90,0.0,7.14,71.4,0.0
01:53:00,3.7760,1.8823,16.8310,3.7006,80.25,75.00,0.0,7.11,71.1,0.0
01:53:10,3.7740,1.8825,16.8507,3.7058,80.34,75.11,0.0,7.1,71.0,0.0
01:53:20,3.7660,1.8775,16.8703,3.7110,80.44,75.21,0.0,7.07,70.7,0.0
01:53:30,3.7560,1.8721,16.8899,3.7162,80.53,75.32,0.0,7.03,70.3,0.0
01:53:40,3.7370,1.8615,16.9092,3.7214,80.62,75.42,0.0,6.96,69.6,0.0
01:53:50,3.4830,1.7329,16.9260,3.7262,80.70,75.52,0.0,6.04,60.4,0.0
01:54:00,3.6470,1.8147,16.9444,3.7313,80.79,75.62,0.0,6.62,66.2,0.0
01:54:10,3.6990,1.8385,16.9632,3.7364,80.88,75.73,0.0,6.8,68.0,0.0
01:54:20,3.7060,1.8395,16.9822,3.7415,80.97,75.83,0.0,6.82,68.2,0.0
01:54:30,3.7020,1.8408,17.0011,3.7466,81.06,75.93,0.0,6.81,68.1,0.0
01:54:40,3.7010,1.8390,17.0200,3.7517,81.15,76.04,0.0,6.81,68.1,0.0
01:54:50,3.7000,1.8387,17.0389,3.7568,81.24,76.14,0.0,6.8,68.0,0.0
01:55:00,3.6990,1.8375,17.0578,3.7619,81.33,76.24,0.0,6.8,68.0,0.0
01:55:10,3.6970,1.8368,17.0767,3.7670,81.42,76.35,0.0,6.79,67.9,0.0
01:55:20,3.6850,1.8289,17.0954,3.7721,81.51,76.45,0.0,6.74,67.4,0.0
01:55:30,3.6630,1.8223,17.1139,3.7772,81.60,76.55,0.0,6.68,66.8,0.0
01:55:40,3.6630,1.8212,17.1325,3.7822,81.68,76.66,0.0,6.67,66.7,0.0
01:55:50,3.6630,1.8218,17.1510,3.7873,81.77,76.76,0.0,6.67,66.7,0.0
01:56:00,3.6630,1.8183,17.1695,3.7923,81.86,76.86,0.0,6.66,66.6,0.0
01:56:10,3.6430,1.8128,17.1878,3.7974,81.95,76.96,0.0,6.6,66.0,0.0
01:56:20,3.6510,1.8174,17.2063,3.8024,82.04,77.06,0.0,6.64,66.4,0.0
01:56:30,3.6460,1.8148,17.2246,3.8075,82.12,77.17,0.0,6.62,66.2,0.0
01:56:40,3.6630,1.8214,17.2432,3.8125,82.21,77.27,0.0,6.67,66.7,0.0
01:56:50,3.6770,1.8270,17.2618,3.8176,82.30,77.37,0.0,6.72,67.2,0.0
01:57:00,3.6770,1.8271,17.2805,3.8227,82.39,77.48,0.0,6.72,67.2,0.0
01:57:10,3.6760,1.8275,17.2992,3.8277,82.48,77.58,0.0,6.72,67.2,0.0
01:57:20,3.6770,1.8274,17.3178,3.8328,82.57,77.68,0.0,6.72,67.2,0.0
01:57:30,3.6740,1.8258,17.3365,3.8379,82.66,77.78,0.0,6.71,67.1,0.0
01:57:40,3.6730,1.8235,17.3551,3.8430,82.75,77.89,0.0,6.7,67.0,0.0
01:57:50,3.6680,1.8246,17.3737,3.8480,82.83,77.99,0.0,6.69,66.9,0.0
01:58:00,3.6730,1.8242,17.3923,3.8531,82.92,78.09,0.0,6.7,67.0,0.0
01:58:10,3.6700,1.8223,17.4108,3.8581,83.01,78.19,0.0,6.69,66.9,0.0
01:58:20,3.6690,1.8166,17.4294,3.8632,83.10,78.30,0.0,6.67,66.7,0.0
01:58:30,3.6690,1.8224,17.4479,3.8683,83.19,78.40,0.0,6.69,66.9,0.0
01:58:40,3.6560,1.8216,17.4664,3.8733,83.28,78.50,0.0,6.66,66.6,0.0
01:58:50,3.6680,1.8232,17.4850,3.8784,83.37,78.60,0.0,6.69,66.9,0.0
01:59:00,3.6680,1.8216,17.5036,3.8834,83.45,78.71,0.0,6.68,66.8,0.0
01:59:10,3.6690,1.8234,17.5221,3.8885,83.54,78.81,0.0,6.69,66.9,0.0
01:59:20,3.6630,1.8209,17.5407,3.8936,83.63,78.91,0.0,6.67,66.7,0.0
01:59:30,3.6690,1.8217,17.5592,3.8986,83.72,79.01,0.0,6.68,66.8,0.0
01:59:40,3.6560,1.8161,17.5777,3.9037,83.81,79.12,0.0,6.64,66.4,0.0
01:59:50,3.6520,1.8164,17.5961,3.9087,83.90,79.22,0.0,6.63,66.3,0.0
02:00:00,3.6510,1.8153,17.6145,3.9138,83.98,79.32,0.0,6.63,66.3,0.0
02:00:10,3.6520,1.8167,17.6330,3.9188,84.07,79.42,0.0,6.63,66.3,0.0
02:00:20,3.6550,1.8182,17.6514,3.9239,84.16,79.53,0.0,6.65,66.5,0.0
02:00:30,3.6590,1.8192,17.6699,3.9289,84.25,79.63,0.0,6.66,66.6,0.0
02:00:40,3.6560,1.8202,17.6884,3.9340,84.34,79.73,0.0,6.65,66.5,0.0
02:00:50,3.6590,1.8197,17.7069,3.9390,84.42,79.83,0.0,6.66,66.6,0.0
02:01:00,3.6590,1.8200,17.7254,3.9441,84.51,79.94,0.0,6.66,66.6,0.0
02:01:10,3.6630,1.8219,17.7439,3.9491,84.60,80.04,0.0,6.67,66.7,0.0
02:01:20,3.6660,1.8228,17.7625,3.9542,84.69,80.14,0.0,6.68,66.8,0.0
02:01:30,3.6620,1.8221,17.7810,3.9593,84.78,80.24,0.0,6.67,66.7,0.0
02:01:40,3.6680,1.8220,17.7996,3.9643,84.87,80.35,0.0,6.68,66.8,0.0
02:01:50,3.6620,1.8222,17.8181,3.9694,84.95,80.45,0.0,6.67,66.7,0.0
02:02:00,3.6600,1.8194,17.8366,3.9744,85.04,80.55,0.0,6.66,66.6,0.0
02:02:10,3.6610,1.8159,17.8551,3.9795,85.13,80.65,0.0,6.65,66.5,0.0
02:02:20,3.6550,1.8191,17.8735,3.9845,85.22,80.76,0.0,6.65,66.5,0.0
02:02:30,3.6580,1.8150,17.8920,3.9896,85.31,80.86,0.0,6.64,66.4,0.0
02:02:40,3.6470,1.8159,17.9104,3.9946,85.39,80.96,0.0,6.62,66.2,0.0
02:02:50,3.6490,1.8174,17.9288,3.9997,85.48,81.06,0.0,6.63,66.3,0.0
02:03:00,3.6500,1.8161,17.9472,4.0047,85.57,81.16,0.0,6.63,66.3,0.0
02:03:10,3.6470,1.8153,17.9656,4.0098,85.66,81.27,0.0,6.62,66.2,0.0
02:03:20,3.6420,1.8140,17.9840,4.0148,85.74,81.37,0.0,6.61,66.1,0.0
02:03:30,3.6380,1.8122,18.0023,4.0198,85.83,81.47,0.0,6.59,65.9,0.0
02:03:40,3.6330,1.8090,18.0205,4.0249,85.92,81.57,0.0,6.57,65.7,0.0
02:03:50,3.6310,1.8083,18.0388,4.0299,86.01,81.67,0.0,6.57,65.7,0.0
02:04:00,3.6320,1.8088,18.0570,4.0349,86.09,81.78,0.0,6.57,65.7,0.0
02:04:10,3.6290,1.8064,18.0752,4.0399,86.18,81.88,0.0,6.56,65.6,0.0
02:04:20,3.6150,1.7986,18.0933,4.0449,86.27,81.98,0.0,6.5,65.0,0.0
02:04:30,3.6080,1.7951,18.1113,4.0499,86.35,82.08,0.0,6.48,64.8,0.0
02:04:40,3.5960,1.7877,18.1291,4.0549,86.44,82.18,0.0,6.43,64.3,0.0
02:04:50,3.5840,1.7834,18.1469,4.0598,86.52,82.28,0.0,6.39,63.9,0.0
02:05:00,3.5450,1.7686,18.1643,4.0647,86.60,82.38,0.0,6.27,62.7,0.0
02:05:10,3.5220,1.7536,18.1815,4.0696,86.69,82.48,0.0,6.18,61.8,0.0
02:05:20,3.5150,1.7510,18.1986,4.0745,86.77,82.58,0.0,6.15,61.5,0.0
02:05:30,3.5130,1.7486,18.2156,4.0793,86.85,82.68,0.0,6.14,61.4,0.0
02:05:40,3.5220,1.7547,18.2328,4.0842,86.93,82.78,0.0,6.18,61.8,0.0
02:05:50,3.5300,1.7603,18.2501,4.0891,87.01,82.88,0.0,6.21,62.1,0.0
02:06:00,3.5380,1.7645,18.2674,4.0940,87.10,82.97,0.0,6.24,62.4,0.0
02:06:10,3.5420,1.7658,18.2848,4.0989,87.18,83.07,0.0,6.25,62.5,0.0
02:06:20,3.5530,1.7718,18.3023,4.1038,87.26,83.17,0.0,6.3,63.0,0.0
02:06:30,3.5570,1.7729,18.3198,4.1087,87.35,83.27,0.0,6.31,63.1,0.0
02:06:40,3.5580,1.7760,18.3373,4.1137,87.43,83.37,0.0,6.32,63.2,0.0
02:06:50,3.5600,1.7757,18.3549,4.1186,87.51,83.47,0.0,6.32,63.2,0.0
02:07:00,3.5550,1.7721,18.3724,4.1235,87.60,83.57,0.0,6.3,63.0,0.0
02:07:10,3.5330,1.7596,18.3897,4.1284,87.68,83.67,0.0,6.22,62.2,0.0
02:07:20,3.5120,1.7495,18.4067,4.1333,87.76,83.77,0.0,6.14,61.4,0.0
02:07:30,3.4570,1.7220,18.4233,4.1381,87.84,83.87,0.0,5.95,59.5,0.0
02:07:40,2.8910,1.5003,18.4353,4.1422,87.90,83.95,0.0,4.34,43.4,0.0
02:07:50,2.7980,1.2926,18.4454,4.1458,87.94,84.02,0.0,3.62,36.2,0.0
02:08:00,2.7470,1.1330,18.4540,4.1490,87.99,84.09,0.0,3.11,31.1,0.0
02:08:10,2.8170,1.4017,18.4650,4.1529,88.04,84.17,0.0,3.95,39.5,0.0
02:08:20,3.1990,1.6432,18.4796,4.1574,88.11,84.26,0.0,5.26,52.6,0.0
02:08:30,3.3170,1.6633,18.4949,4.1620,88.18,84.35,0.0,5.52,55.2,0.0
02:08:40,3.3910,1.6914,18.5108,4.1667,88.26,84.45,0.0,5.74,57.4,0.0
02:08:50,3.4250,1.7065,18.5271,4.1715,88.33,84.55,0.0,5.84,58.4,0.0
02:09:00,3.4490,1.7180,18.5435,4.1763,88.41,84.64,0.0,5.93,59.3,0.0
02:09:10,3.4500,1.7177,18.5600,4.1810,88.49,84.74,0.0,5.93,59.3,0.0
02:09:20,3.4400,1.7146,18.5764,4.1858,88.57,84.83,0.0,5.9,59.0,0.0
02:09:30,3.4420,1.7141,18.5928,4.1906,88.65,84.93,0.0,5.9,59.0,0.0
02:09:40,3.4430,1.7150,18.6092,4.1953,88.73,85.03,0.0,5.9,59.0,0.0
02:09:50,3.4450,1.7160,18.6256,4.2001,88.80,85.12,0.0,5.91,59.1,0.0
02:10:00,3.4470,1.7176,18.6420,4.2049,88.88,85.22,0.0,5.92,59.2,0.0
02:10:10,3.4490,1.7177,18.6585,4.2096,88.96,85.32,0.0,5.92,59.2,0.0
02:10:20,3.4490,1.7184,18.6749,4.2144,89.04,85.41,0.0,5.93,59.3,0.0
02:10:30,3.4520,1.7199,18.6914,4.2192,89.12,85.51,0.0,5.94,59.4,0.0
02:10:40,3.4500,1.7185,18.7079,4.2239,89.20,85.61,0.0,5.93,59.3,0.0
02:10:50,3.4510,1.7193,18.7244,4.2287,89.27,85.71,0.0,5.93,59.3,0.0
02:11:00,3.4500,1.7196,18.7409,4.2335,89.35,85.80,0.0,5.93,59.3,0.0
02:11:10,3.4550,1.7216,18.7574,4.2383,89.43,85.90,0.0,5.95,59.5,0.0
02:11:20,3.4600,1.7236,18.7740,4.2431,89.51,86.00,0.0,5.96,59.6,0.0
02:11:30,3.4630,1.7254,18.7905,4.2479,89.59,86.09,0.0,5.98,59.8,0.0
02:11:40,3.4640,1.7258,18.8072,4.2527,89.67,86.19,0.0,5.98,59.8,0.0
02:11:50,3.4640,1.7248,18.8238,4.2574,89.75,86.29,0.0,5.97,59.7,0.0
02:12:00,3.4590,1.7236,18.8403,4.2622,89.83,86.38,0.0,5.96,59.6,0.0
02:12:10,3.4570,1.7232,18.8569,4.2670,89.91,86.48,0.0,5.96,59.6,0.0
02:12:20,3.4560,1.7219,18.8734,4.2718,89.99,86.58,0.0,5.95,59.5,0.0
02:12:30,3.4510,1.7194,18.8899,4.2766,90.06,86.68,0.0,5.93,59.3,0.0
02:12:40,3.4480,1.7182,18.9063,4.2814,90.14,86.77,0.0,5.92,59.2,0.0
02:12:50,3.4440,1.7164,18.9227,4.2861,90.22,86.87,0.0,5.91,59.1,0.0
02:13:00,3.4360,1.7113,18.9391,4.2909,90.30,86.96,0.0,5.88,58.8,0.0
02:13:10,3.4350,1.7125,18.9554,4.2956,90.38,87.06,0.0,5.88,58.8,0.0
02:13:20,3.4340,1.7108,18.9717,4.3004,90.45,87.16,0.0,5.87,58.7,0.0
02:13:30,3.4320,1.7111,18.9881,4.3051,90.53,87.25,0.0,5.87,58.7,0.0
02:13:40,3.4260,1.7081,19.0043,4.3099,90.61,87.35,0.0,5.85,58.5,0.0
02:13:50,3.4250,1.7070,19.0205,4.3146,90.69,87.45,0.0,5.85,58.5,0.0
02:14:00,3.4170,1.7033,19.0367,4.3194,90.76,87.54,0.0,5.82,58.2,0.0
02:14:10,3.4210,1.7037,19.0529,4.3241,90.84,87.64,0.0,5.83,58.3,0.0
02:14:20,3.4160,1.7032,19.0691,4.3288,90.92,87.73,0.0,5.82,58.2,0.0
02:14:30,3.4130,1.7033,19.0852,4.3336,91.00,87.83,0.0,5.81,58.1,0.0
02:14:40,3.4060,1.6995,19.1013,4.3383,91.07,87.93,0.0,5.79,57.9,0.0
02:14:50,3.3950,1.6949,19.1173,4.3430,91.15,88.02,0.0,5.75,57.5,0.0
02:15:00,3.3920,1.6941,19.1332,4.3477,91.22,88.12,0.0,5.75,57.5,0.0
02:15:10,3.3930,1.6957,19.1492,4.3524,91.30,88.21,0.0,5.75,57.5,0.0
02:15:20,3.3890,1.6946,19.1652,4.3571,91.38,88.31,0.0,5.74,57.4,0.0
02:15:30,3.3930,1.6938,19.1811,4.3618,91.45,88.40,0.0,5.75,57.5,0.0
02:15:40,3.3900,1.6946,19.1971,4.3665,91.53,88.50,0.0,5.74,57.4,0.0
02:15:50,3.3910,1.6942,19.2131,4.3712,91.60,88.59,0.0,5.75,57.5,0.0
02:16:00,3.3900,1.6953,19.2290,4.3759,91.68,88.69,0.0,5.75,57.5,0.0
02:16:10,3.3890,1.6933,19.2450,4.3806,91.76,88.78,0.0,5.74,57.4,0.0
02:16:20,3.3790,1.6916,19.2608,4.3853,91.83,88.88,0.0,5.72,57.2,0.0
02:16:30,3.3780,1.6896,19.2767,4.3900,91.91,88.97,0.0,5.71,57.1,0.0
02:16:40,3.3700,1.6867,19.2925,4.3947,91.98,89.07,0.0,5.68,56.8,0.0
02:16:50,3.3640,1.6834,19.3082,4.3994,92.06,89.16,0.0,5.66,56.6,0.0
02:17:00,3.3610,1.6804,19.3239,4.4041,92.13,89.26,0.0,5.65,56.5,0.0
02:17:10,3.3590,1.6821,19.3396,4.4087,92.21,89.35,0.0,5.65,56.5,0.0
02:17:20,3.3590,1.6810,19.3553,4.4134,92.28,89.45,0.0,5.65,56.5,0.0
02:17:30,3.3620,1.6796,19.3710,4.4181,92.36,89.54,0.0,5.65,56.5,0.0
02:17:40,3.3560,1.6789,19.3866,4.4227,92.43,89.64,0.0,5.63,56.3,0.0
02:17:50,3.3550,1.6781,19.4023,4.4274,92.51,89.73,0.0,5.63,56.3,0.0
02:18:00,3.3510,1.6770,19.4179,4.4320,92.58,89.83,0.0,5.62,56.2,0.0
02:18:10,3.3480,1.6745,19.4334,4.4367,92.66,89.92,0.0,5.61,56.1,0.0
02:18:20,3.3490,1.6746,19.4490,4.4414,92.73,90.01,0.0,5.61,56.1,0.0
02:18:30,3.3430,1.6731,19.4646,4.4460,92.80,90.11,0.0,5.59,55.9,0.0
02:18:40,3.3420,1.6734,19.4801,4.4506,92.88,90.20,0.0,5.59,55.9,0.0
02:18:50,3.3390,1.6727,19.4956,4.4553,92.95,90.30,0.0,5.59,55.9,0.0
02:19:00,3.3370,1.6699,19.5111,4.4599,93.03,90.39,0.0,5.57,55.7,0.0
02:19:10,3.3290,1.6683,19.5265,4.4646,93.10,90.49,0.0,5.55,55.5,0.0
02:19:20,3.3310,1.6668,19.5419,4.4692,93.17,90.58,0.0,5.55,55.5,0.0
02:19:30,3.3210,1.6643,19.5573,4.4738,93.25,90.67,0.0,5.53,55.3,0.0
02:19:40,3.3190,1.6631,19.5726,4.4784,93.32,90.77,0.0,5.52,55.2,0.0
02:19:50,3.3150,1.6597,19.5879,4.4830,93.39,90.86,0.0,5.5,55.0,0.0
02:20:00,3.3020,1.6583,19.6031,4.4877,93.46,90.95,0.0,5.48,54.8,0.0
02:20:10,3.2990,1.6562,19.6183,4.4923,93.54,91.05,0.0,5.46,54.6,0.0
02:20:20,3.2970,1.6543,19.6334,4.4969,93.61,91.14,0.0,5.45,54.5,0.0
02:20:30,3.2920,1.6523,19.6485,4.5014,93.68,91.23,0.0,5.44,54.4,0.0
02:20:40,3.2930,1.6527,19.6637,4.5060,93.75,91.33,0.0,5.44,54.4,0.0
02:20:50,3.2920,1.6530,19.6788,4.5106,93.83,91.42,0.0,5.44,54.4,0.0
02:21:00,3.2910,1.6515,19.6939,4.5152,93.90,91.51,0.0,5.44,54.4,0.0
02:21:10,3.2890,1.6508,19.7090,4.5198,93.97,91.60,0.0,5.43,54.3,0.0
02:21:20,3.2900,1.6507,19.7240,4.5244,94.04,91.70,0.0,5.43,54.3,0.0
02:21:30,3.2840,1.6498,19.7391,4.5290,94.11,91.79,0.0,5.42,54.2,0.0
02:21:40,3.2860,1.6493,19.7542,4.5335,94.18,91.88,0.0,5.42,54.2,0.0
02:21:50,3.2820,1.6477,19.7692,4.5381,94.26,91.98,0.0,5.41,54.1,0.0
02:22:00,3.2810,1.6472,19.7842,4.5427,94.33,92.07,0.0,5.4,54.0,0.0
02:22:10,3.2770,1.6453,19.7992,4.5473,94.40,92.16,0.0,5.39,53.9,0.0
02:22:20,3.2730,1.6430,19.8141,4.5518,94.47,92.25,0.0,5.38,53.8,0.0
02:22:30,3.2700,1.6428,19.8290,4.5564,94.54,92.35,0.0,5.37,53.7,0.0
02:22:40,3.2680,1.6417,19.8439,4.5610,94.61,92.44,0.0,5.37,53.7,0.0
02:22:50,3.2630,1.6396,19.8588,4.5655,94.68,92.53,0.0,5.35,53.5,0.0
02:23:00,3.2560,1.6372,19.8736,4.5701,94.75,92.62,0.0,5.33,53.3,0.0
02:23:10,3.2540,1.6362,19.8884,4.5746,94.82,92.72,0.0,5.32,53.2,0.0
02:23:20,3.2500,1.6345,19.9031,4.5791,94.89,92.81,0.0,5.31,53.1,0.0
02:23:30,3.2480,1.6338,19.9179,4.5837,94.97,92.90,0.0,5.31,53.1,0.0
02:23:40,3.2380,1.6315,19.9326,4.5882,95.04,92.99,0.0,5.28,52.8,0.0
02:23:50,3.2410,1.6301,19.9472,4.5927,95.11,93.08,0.0,5.28,52.8,0.0
02:24:00,3.2300,1.6285,19.9618,4.5973,95.17,93.17,0.0,5.26,52.6,0.0
02:24:10,3.2310,1.6268,19.9764,4.6018,95.24,93.27,0.0,5.26,52.6,0.0
02:24:20,3.2270,1.6266,19.9910,4.6063,95.31,93.36,0.0,5.25,52.5,0.0
02:24:30,3.2260,1.6253,20.0056,4.6108,95.38,93.45,0.0,5.24,52.4,0.0
02:24:40,3.2250,1.6248,20.0201,4.6153,95.45,93.54,0.0,5.24,52.4,0.0
02:24:50,3.2200,1.6227,20.0347,4.6198,95.52,93.63,0.0,5.23,52.3,0.0
02:25:00,3.2100,1.6190,20.0491,4.6243,95.59,93.72,0.0,5.2,52.0,0.0
02:25:10,3.2080,1.6178,20.0635,4.6288,95.66,93.81,0.0,5.19,51.9,0.0
02:25:20,3.2030,1.6158,20.0779,4.6333,95.73,93.91,0.0,5.18,51.8,0.0
02:25:30,3.2000,1.6151,20.0922,4.6378,95.80,94.00,0.0,5.17,51.7,0.0
02:25:40,3.1990,1.6148,20.1066,4.6423,95.86,94.09,0.0,5.17,51.7,0.0
02:25:50,3.1990,1.6134,20.1209,4.6468,95.93,94.18,0.0,5.16,51.6,0.0
02:26:00,3.1970,1.6134,20.1353,4.6513,96.00,94.27,0.0,5.16,51.6,0.0
02:26:10,3.1910,1.6118,20.1495,4.6557,96.07,94.36,0.0,5.14,51.4,0.0
02:26:20,3.1850,1.6090,20.1638,4.6602,96.14,94.45,0.0,5.12,51.2,0.0
02:26:30,3.1760,1.6062,20.1779,4.6647,96.21,94.54,0.0,5.1,51.0,0.0
02:26:40,3.1730,1.6035,20.1921,4.6691,96.27,94.63,0.0,5.09,50.9,0.0
02:26:50,3.1530,1.6004,20.2061,4.6736,96.34,94.72,0.0,5.05,50.5,0.0
02:27:00,3.0570,1.5980,20.2197,4.6780,96.40,94.81,0.0,4.89,48.9,0.0
02:27:10,3.0480,1.5956,20.2332,4.6824,96.47,94.90,0.0,4.86,48.6,0.0
02:27:20,3.0410,1.5908,20.2466,4.6869,96.53,94.99,0.0,4.84,48.4,0.0
02:27:30,3.0350,1.5880,20.2600,4.6913,96.60,95.08,0.0,4.82,48.2,0.0
02:27:40,3.0340,1.5889,20.2734,4.6957,96.66,95.17,0.0,4.82,48.2,0.0
02:27:50,3.0350,1.5879,20.2868,4.7001,96.72,95.26,0.0,4.82,48.2,0.0
02:28:00,3.0280,1.5846,20.3001,4.7045,96.79,95.35,0.0,4.8,48.0,0.0
02:28:10,3.0260,1.5843,20.3134,4.7089,96.85,95.44,0.0,4.79,47.9,0.0
02:28:20,3.0230,1.5820,20.3267,4.7133,96.91,95.53,0.0,4.78,47.8,0.0
02:28:30,3.0200,1.5811,20.3400,4.7177,96.98,95.61,0.0,4.77,47.7,0.0
02:28:40,3.0200,1.5797,20.3532,4.7221,97.04,95.70,0.0,4.77,47.7,0.0
02:28:50,3.0180,1.5778,20.3665,4.7264,97.10,95.79,0.0,4.76,47.6,0.0
02:29:00,3.0150,1.5752,20.3796,4.7308,97.17,95.88,0.0,4.75,47.5,0.0
02:29:10,3.0090,1.5717,20.3928,4.7352,97.23,95.97,0.0,4.73,47.3,0.0
02:29:20,2.9990,1.5679,20.4058,4.7395,97.29,96.06,0.0,4.7,47.0,0.0
02:29:30,2.9940,1.5637,20.4188,4.7439,97.35,96.15,0.0,4.68,46.8,0.0
02:29:40,2.9830,1.5594,20.4318,4.7482,97.42,96.23,0.0,4.65,46.5,0.0
02:29:50,2.9730,1.5557,20.4446,4.7525,97.48,96.32,0.0,4.63,46.3,0.0
02:30:00,2.9690,1.5527,20.4574,4.7569,97.54,96.41,0.0,4.61,46.1,0.0
02:30:10,2.9680,1.5514,20.4702,4.7612,97.60,96.50,0.0,4.6,46.0,0.0
02:30:20,2.9630,1.5489,20.4830,4.7655,97.66,96.58,0.0,4.59,45.9,0.0
02:30:30,2.9610,1.5467,20.4957,4.7698,97.72,96.67,0.0,4.58,45.8,0.0
02:30:40,2.9550,1.5439,20.5084,4.7740,97.78,96.76,0.0,4.56,45.6,0.0
02:30:50,2.9500,1.5402,20.5210,4.7783,97.84,96.84,0.0,4.54,45.4,0.0
02:31:00,2.9320,1.5312,20.5334,4.7826,97.90,96.93,0.0,4.49,44.9,0.0
02:31:10,2.9190,1.5275,20.5458,4.7868,97.96,97.02,0.0,4.46,44.6,0.0
02:31:20,2.9040,1.5179,20.5581,4.7910,98.02,97.10,0.0,4.41,44.1,0.0
02:31:30,2.8900,1.5104,20.5702,4.7952,98.08,97.19,0.0,4.37,43.7,0.0
02:31:40,2.8810,1.5050,20.5822,4.7994,98.13,97.27,0.0,4.34,43.4,0.0
02:31:50,2.8940,1.5113,20.5944,4.8036,98.19,97.36,0.0,4.37,43.7,0.0
02:32:00,2.8450,1.4814,20.6061,4.8077,98.25,97.44,0.0,4.21,42.1,0.0
02:32:10,5.1300,0.1378,20.6081,4.8081,98.26,97.45,0.0,0.71,7.1,0.0
02:32:20,2.9020,1.5127,20.6203,4.8123,98.31,97.53,0.0,4.39,43.9,0.0
02:32:30,2.9230,1.5257,20.6326,4.8166,98.37,97.62,0.0,4.46,44.6,0.0
02:32:40,2.9380,1.5319,20.6451,4.8208,98.43,97.71,0.0,4.5,45.0,0.0
02:32:50,2.9270,1.5277,20.6576,4.8251,98.49,97.79,0.0,4.47,44.7,0.0
02:33:00,2.9430,1.5337,20.6701,4.8293,98.55,97.88,0.0,4.51,45.1,0.0
02:33:10,2.9180,1.5209,20.6824,4.8335,98.61,97.96,0.0,4.44,44.4,0.0
02:33:20,2.8770,1.4984,20.6944,4.8377,98.67,98.05,0.0,4.31,43.1,0.0
02:33:30,2.8360,1.4709,20.7060,4.8418,98.72,98.13,0.0,4.17,41.7,0.0
02:33:40,5.1190,0.1539,20.7082,4.8422,98.73,98.14,0.0,0.79,7.9,0.0
02:33:50,5.2100,0.0098,20.7083,4.8422,98.73,98.14,0.0,0.05,0.5,0.0
02:34:00,2.6950,1.2639,20.7178,4.8458,98.78,98.21,0.0,3.41,34.1,0.0
02:34:10,2.7290,1.3596,20.7281,4.8495,98.83,98.29,0.0,3.71,37.1,0.0
02:34:20,2.8320,1.4761,20.7397,4.8536,98.88,98.37,0.0,4.18,41.8,0.0
02:34:30,2.8500,1.4873,20.7515,4.8578,98.94,98.45,0.0,4.24,42.4,0.0
02:34:40,2.8750,1.5011,20.7635,4.8619,99.00,98.54,0.0,4.32,43.2,0.0
02:34:50,2.8760,1.5005,20.7755,4.8661,99.05,98.62,0.0,4.32,43.2,0.0
02:35:00,2.8770,1.5010,20.7875,4.8703,99.11,98.71,0.0,4.32,43.2,0.0
02:35:10,2.9020,1.5138,20.7997,4.8745,99.17,98.79,0.0,4.39,43.9,0.0
02:35:20,2.9100,1.5187,20.8119,4.8787,99.23,98.88,0.0,4.42,44.2,0.0
02:35:30,5.1300,0.1364,20.8139,4.8791,99.24,98.89,0.0,0.7,7.0,0.0
02:35:40,2.9010,1.5132,20.8261,4.8833,99.30,98.97,0.0,4.39,43.9,0.0
02:35:50,2.8910,1.5119,20.8382,4.8875,99.35,99.06,0.0,4.37,43.7,0.0
02:36:00,2.9070,1.5208,20.8505,4.8917,99.41,99.14,0.0,4.42,44.2,0.0
02:36:10,2.9090,1.5202,20.8628,4.8959,99.47,99.23,0.0,4.42,44.2,0.0
02:36:20,2.9150,1.5233,20.8751,4.9002,99.53,99.31,0.0,4.44,44.4,0.0
02:36:30,2.9120,1.5206,20.8874,4.9044,99.59,99.40,0.0,4.43,44.3,0.0
02:36:40,2.8990,1.5138,20.8996,4.9086,99.65,99.48,0.0,4.39,43.9,0.0
02:36:50,2.8950,1.5106,20.9117,4.9128,99.70,99.57,0.0,4.37,43.7,0.0
02:37:00,5.1290,0.1385,20.9137,4.9132,99.71,99.58,0.0,0.71,7.1,0.0
02:37:10,2.9010,1.5095,20.9259,4.9174,99.77,99.66,0.0,4.38,43.8,0.0
02:37:20,2.8730,1.4997,20.9379,4.9215,99.83,99.75,0.0,4.31,43.1,0.0
02:37:30,2.8680,1.4975,20.9498,4.9257,99.89,99.83,0.0,4.29,42.9,0.0
02:37:40,2.8660,1.4964,20.9617,4.9298,99.94,99.91,0.0,4.29,42.9,0.0
02:37:50,2.8980,1.5136,20.9739,4.9340,100.00,100.00,0.0,4.39,43.9,0.0
02:38:00,2.8820,1.5058,20.9859,4.9382,100.06,100.08,0.0,4.34,43.4,0.0
