Time,Voltage(V),Current(A),Energy(Wh),Capacity(Ah),Energy Proportion(%),Capacity Proportion(%),Irradiance
0day00:00:00,4.8540,1.9933,0.0269,0.0055,0.24,0.23,819
0day00:00:10,3.2530,1.7793,0.0430,0.0105,0.38,0.44,776
0day00:00:20,2.8620,1.4919,0.0548,0.0146,0.49,0.62,277
0day00:00:30,2.7440,1.0594,0.0629,0.0176,0.56,0.74,182.5
0day00:00:40,2.7270,1.0206,0.0706,0.0204,0.63,0.86,172.8
0day00:00:50,2.7240,1.0432,0.0785,0.0233,0.70,0.98,172.4
0day00:01:00,2.7370,1.1201,0.0870,0.0264,0.78,1.11,179.5
0day00:01:10,4.9040,1.9906,0.1141,0.0319,1.02,1.35,242
0day00:01:20,4.9030,1.9921,0.1413,0.0375,1.26,1.58,674
0day00:01:30,4.8810,1.9911,0.1683,0.0430,1.50,1.81,764
0day00:01:40,4.8810,1.9910,0.1953,0.0485,1.75,2.05,783
0day00:01:50,3.2860,1.7442,0.2112,0.0534,1.89,2.25,707
0day00:02:00,4.0610,1.9883,0.2336,0.0589,2.09,2.48,446
0day00:02:10,4.8810,1.9904,0.2606,0.0644,2.33,2.72,800
0day00:02:20,4.9050,1.9916,0.2877,0.0700,2.57,2.95,764
0day00:02:30,4.9040,1.9909,0.3149,0.0755,2.81,3.18,786
0day00:02:40,4.9030,1.9900,0.3420,0.0810,3.06,3.42,777
0day00:02:50,4.9010,1.9916,0.3691,0.0866,3.30,3.65,766
0day00:03:00,4.9010,1.9907,0.3962,0.0921,3.54,3.88,766
0day00:03:10,4.8990,1.9898,0.4233,0.0976,3.78,4.11,764
0day00:03:20,4.9010,1.9909,0.4504,0.1031,4.03,4.35,760
0day00:03:30,4.9010,1.9899,0.4775,0.1087,4.27,4.58,756
0day00:03:40,4.9020,1.9901,0.5045,0.1142,4.51,4.81,755
0day00:03:50,4.9020,1.9914,0.5317,0.1197,4.75,5.05,751
0day00:04:00,4.9010,1.9910,0.5588,0.1253,4.99,5.28,750
0day00:04:10,4.9010,1.9914,0.5859,0.1308,5.24,5.51,752
0day00:04:20,4.9010,1.9915,0.6130,0.1363,5.48,5.75,746
0day00:04:30,4.9010,1.9911,0.6401,0.1419,5.72,5.98,742
0day00:04:40,4.9000,1.9912,0.6672,0.1474,5.96,6.21,739
0day00:04:50,4.9000,1.9906,0.6943,0.1529,6.21,6.45,738
0day00:05:00,4.9000,1.9905,0.7214,0.1584,6.45,6.68,742
0day00:05:10,4.9000,1.9904,0.7485,0.1640,6.69,6.91,747
0day00:05:20,4.9010,1.9908,0.7756,0.1695,6.93,7.14,753
0day00:05:30,2.6080,0.6864,0.7806,0.1714,6.98,7.23,470
0day00:05:40,2.6380,0.7825,0.7863,0.1736,7.03,7.32,121.6
0day00:05:50,2.6580,0.8510,0.7926,0.1759,7.08,7.42,137.3
0day00:06:00,2.7390,1.2020,0.8017,0.1793,7.17,7.56,154.2
0day00:06:10,2.9330,1.5832,0.8146,0.1837,7.28,7.74,178.5
0day00:06:20,2.6400,0.8277,0.8207,0.1860,7.33,7.84,193.5
0day00:06:30,2.6200,0.7554,0.8262,0.1881,7.38,7.93,131.0
0day00:06:40,2.6290,0.7966,0.8320,0.1903,7.44,8.02,129.7
0day00:06:50,3.8340,1.9466,0.8527,0.1957,7.62,8.25,149.4
0day00:07:00,2.6910,1.0946,0.8609,0.1987,7.69,8.38,536
0day00:07:10,2.6850,1.0429,0.8687,0.2016,7.76,8.50,172.9
0day00:07:20,2.6900,1.0722,0.8767,0.2046,7.84,8.63,175.7
0day00:07:30,2.6960,1.1079,0.8850,0.2077,7.91,8.75,180.7
0day00:07:40,2.7190,1.2241,0.8942,0.2111,7.99,8.90,190.8
0day00:07:50,2.7700,1.4301,0.9053,0.2151,8.09,9.07,251
0day00:08:00,4.9120,1.9894,0.9324,0.2206,8.33,9.30,485
0day00:08:10,4.9120,1.9896,0.9595,0.2261,8.58,9.53,794
0day00:08:20,4.9100,1.9901,0.9867,0.2316,8.82,9.76,822
0day00:08:30,4.9090,1.9904,1.0138,0.2372,9.06,10.00,818
0day00:08:40,4.9070,1.9905,1.0410,0.2427,9.30,10.23,813
0day00:08:50,4.9060,1.9902,1.0681,0.2482,9.55,10.46,811
0day00:09:00,4.9050,1.9905,1.0952,0.2538,9.79,10.70,811
0day00:09:10,4.9030,1.9905,1.1223,0.2593,10.03,10.93,802
0day00:09:20,4.9020,1.9904,1.1494,0.2648,10.27,11.16,804
0day00:09:30,4.9010,1.9906,1.1765,0.2704,10.51,11.40,800
0day00:09:40,4.8990,1.9903,1.2036,0.2759,10.76,11.63,798
0day00:09:50,4.8980,1.9906,1.2307,0.2814,11.00,11.86,800
0day00:10:00,4.8990,1.9904,1.2578,0.2869,11.24,12.10,780
0day00:10:10,4.8960,1.9899,1.2848,0.2925,11.48,12.33,805
0day00:10:20,4.8910,1.9903,1.3119,0.2980,11.72,12.56,617
0day00:10:30,4.8990,1.9906,1.3390,0.3035,11.97,12.79,761
0day00:10:40,4.8980,1.9906,1.3660,0.3091,12.21,13.03,811
0day00:10:50,4.8970,1.9904,1.3931,0.3146,12.45,13.26,820
0day00:11:00,4.8990,1.9905,1.4202,0.3201,12.69,13.49,827
0day00:11:10,4.8990,1.9908,1.4473,0.3256,12.94,13.73,842
0day00:11:20,4.8980,1.9907,1.4744,0.3312,13.18,13.96,734
0day00:11:30,2.7560,1.4090,1.4852,0.3351,13.27,14.12,633
0day00:11:40,2.7630,1.3638,1.4956,0.3389,13.37,14.28,230
0day00:11:50,2.7690,1.4141,1.5065,0.3428,13.46,14.45,403
0day00:12:00,4.9010,1.9903,1.5336,0.3483,13.71,14.68,611
0day00:12:10,4.9000,1.9905,1.5607,0.3539,13.95,14.92,755
0day00:12:20,4.9000,1.9903,1.5878,0.3594,14.19,15.15,882
0day00:12:30,4.8980,1.9906,1.6149,0.3649,14.43,15.38,879
0day00:12:40,4.8890,1.9904,1.6419,0.3704,14.67,15.62,759
0day00:12:50,2.8430,1.5502,1.6541,0.3748,14.78,15.80,339
0day00:13:00,4.8940,1.9900,1.6812,0.3803,15.03,16.03,766
0day00:13:10,4.8990,1.9901,1.7083,0.3858,15.27,16.26,868
0day00:13:20,3.7220,1.8672,1.7276,0.3910,15.44,16.48,511
0day00:13:30,2.7330,1.2649,1.7372,0.3945,15.53,16.63,255
0day00:13:40,3.7070,1.9146,1.7569,0.3998,15.70,16.85,298
0day00:13:50,3.1540,1.6912,1.7717,0.4045,15.83,17.05,380
0day00:14:00,4.7550,1.9902,1.7980,0.4101,16.07,17.28,563
0day00:14:10,2.6830,1.0875,1.8061,0.4131,16.14,17.41,220
0day00:14:20,2.6620,0.9946,1.8135,0.4158,16.21,17.53,191.5
0day00:14:30,2.6480,0.9472,1.8204,0.4185,16.27,17.64,172.3
0day00:14:40,2.6380,0.9275,1.8272,0.4210,16.33,17.75,167.0
0day00:14:50,2.6390,0.9510,1.8342,0.4237,16.39,17.86,165.9
0day00:15:00,2.7710,1.4481,1.8453,0.4277,16.49,18.03,178.1
0day00:15:10,4.9050,1.9895,1.8725,0.4332,16.73,18.26,479
0day00:15:20,4.9040,1.9895,1.8996,0.4388,16.98,18.49,600
0day00:15:30,4.9030,1.9896,1.9267,0.4443,17.22,18.73,778
0day00:15:40,4.8980,1.9902,1.9537,0.4498,17.46,18.96,823
0day00:15:50,4.9000,1.9907,1.9808,0.4553,17.70,19.19,715
0day00:16:00,4.8990,1.9903,2.0079,0.4609,17.95,19.43,822
0day00:16:10,4.9000,1.9902,2.0350,0.4664,18.19,19.66,817
0day00:16:20,4.8980,1.9901,2.0621,0.4719,18.43,19.89,837
0day00:16:30,4.8970,1.9904,2.0892,0.4775,18.67,20.13,829
0day00:16:40,4.8960,1.9899,2.1162,0.4830,18.91,20.36,821
0day00:16:50,4.8960,1.9899,2.1433,0.4885,19.16,20.59,821
0day00:17:00,4.8960,1.9904,2.1703,0.4940,19.40,20.83,815
0day00:17:10,4.8960,1.9904,2.1974,0.4996,19.64,21.06,810
0day00:17:20,4.8950,1.9902,2.2245,0.5051,19.88,21.29,803
0day00:17:30,4.8940,1.9906,2.2515,0.5106,20.12,21.52,797
0day00:17:40,4.8940,1.9903,2.2786,0.5162,20.36,21.76,792
0day00:17:50,4.8920,1.9900,2.3056,0.5217,20.61,21.99,786
0day00:18:00,4.8910,1.9902,2.3327,0.5272,20.85,22.22,782
0day00:18:10,4.8900,1.9903,2.3597,0.5327,21.09,22.46,777
0day00:18:20,4.8900,1.9907,2.3868,0.5383,21.33,22.69,772
0day00:18:30,4.8900,1.9904,2.4138,0.5438,21.57,22.92,768
0day00:18:40,4.8900,1.9904,2.4408,0.5493,21.81,23.16,766
0day00:18:50,4.8900,1.9901,2.4679,0.5549,22.06,23.39,762
0day00:19:00,4.8900,1.9904,2.4949,0.5604,22.30,23.62,760
0day00:19:10,4.8900,1.9903,2.5219,0.5659,22.54,23.85,760
0day00:19:20,4.8900,1.9904,2.5490,0.5714,22.78,24.09,760
0day00:19:30,4.8900,1.9906,2.5760,0.5770,23.02,24.32,760
0day00:19:40,4.8910,1.9904,2.6030,0.5825,23.26,24.55,761
0day00:19:50,4.8920,1.9905,2.6301,0.5880,23.51,24.79,761
0day00:20:00,4.8930,1.9910,2.6572,0.5936,23.75,25.02,757
0day00:20:10,4.8930,1.9905,2.6842,0.5991,23.99,25.25,761
0day00:20:20,4.8930,1.9907,2.7113,0.6046,24.23,25.49,762
0day00:20:30,4.8930,1.9907,2.7383,0.6102,24.47,25.72,761
0day00:20:40,4.8920,1.9908,2.7654,0.6157,24.72,25.95,761
0day00:20:50,4.8920,1.9911,2.7924,0.6212,24.96,26.19,760
0day00:21:00,4.8920,1.9903,2.8195,0.6267,25.20,26.42,766
0day00:21:10,4.8930,1.9909,2.8465,0.6323,25.44,26.65,778
0day00:21:20,2.7220,1.1828,2.8555,0.6356,25.52,26.79,758
0day00:21:30,2.6400,0.8003,2.8613,0.6378,25.57,26.88,146.9
0day00:21:40,2.6060,0.6855,2.8663,0.6397,25.62,26.96,133.7
0day00:21:50,2.5890,0.6166,2.8707,0.6414,25.66,27.04,112.5
0day00:22:00,2.5920,0.6221,2.8752,0.6431,25.70,27.11,109.0
0day00:22:10,2.6000,0.6531,2.8799,0.6449,25.74,27.19,111.0
0day00:22:20,2.6430,0.8029,2.8858,0.6472,25.79,27.28,119.3
0day00:22:30,2.7030,1.0710,2.8939,0.6501,25.86,27.41,189.2
0day00:22:40,2.6820,0.9744,2.9011,0.6529,25.93,27.52,159.4
0day00:22:50,4.8990,1.9903,2.9282,0.6584,26.17,27.75,371
0day00:23:00,4.9030,1.9905,2.9553,0.6639,26.41,27.99,796
0day00:23:10,4.9020,1.9904,2.9824,0.6694,26.66,28.22,801
0day00:23:20,4.9000,1.9914,3.0095,0.6750,26.90,28.45,795
0day00:23:30,4.8990,1.9904,3.0366,0.6805,27.14,28.68,791
0day00:23:40,4.8990,1.9912,3.0637,0.6860,27.38,28.92,791
0day00:23:50,4.8980,1.9910,3.0908,0.6916,27.62,29.15,789
0day00:24:00,4.8960,1.9915,3.1179,0.6971,27.87,29.38,787
0day00:24:10,4.8950,1.9911,3.1450,0.7026,28.11,29.62,784
0day00:24:20,4.8950,1.9913,3.1720,0.7082,28.35,29.85,785
0day00:24:30,4.8940,1.9910,3.1991,0.7137,28.59,30.08,782
0day00:24:40,4.8930,1.9910,3.2262,0.7192,28.83,30.32,776
0day00:24:50,4.8930,1.9907,3.2532,0.7247,29.08,30.55,771
0day00:25:00,4.8930,1.9909,3.2803,0.7303,29.32,30.78,767
0day00:25:10,4.8920,1.9911,3.3073,0.7358,29.56,31.02,759
0day00:25:20,4.8920,1.9905,3.3344,0.7413,29.80,31.25,757
0day00:25:30,4.8920,1.9905,3.3614,0.7469,30.04,31.48,757
0day00:25:40,4.8910,1.9906,3.3885,0.7524,30.28,31.72,755
0day00:25:50,4.8910,1.9917,3.4155,0.7579,30.53,31.95,759
0day00:26:00,4.8920,1.9909,3.4426,0.7635,30.77,32.18,760
0day00:26:10,4.8920,1.9910,3.4697,0.7690,31.01,32.41,758
0day00:26:20,4.8920,1.9908,3.4967,0.7745,31.25,32.65,759
0day00:26:30,4.8920,1.9919,3.5238,0.7801,31.49,32.88,755
0day00:26:40,4.8910,1.9911,3.5508,0.7856,31.74,33.11,757
0day00:26:50,4.8910,1.9907,3.5779,0.7911,31.98,33.35,755
0day00:27:00,4.8910,1.9911,3.6049,0.7966,32.22,33.58,755
0day00:27:10,4.8910,1.9906,3.6320,0.8022,32.46,33.81,754
0day00:27:20,4.8900,1.9906,3.6590,0.8077,32.70,34.05,754
0day00:27:30,4.8910,1.9907,3.6861,0.8132,32.94,34.28,753
0day00:27:40,4.8910,1.9909,3.7131,0.8188,33.19,34.51,753
0day00:27:50,4.8910,1.9908,3.7402,0.8243,33.43,34.75,754
0day00:28:00,4.8900,1.9905,3.7672,0.8298,33.67,34.98,753
0day00:28:10,4.8900,1.9905,3.7942,0.8353,33.91,35.21,753
0day00:28:20,4.8900,1.9901,3.8213,0.8409,34.15,35.45,752
0day00:28:30,4.8900,1.9907,3.8483,0.8464,34.39,35.68,754
0day00:28:40,4.8900,1.9908,3.8753,0.8519,34.64,35.91,754
0day00:28:50,4.8890,1.9906,3.9024,0.8575,34.88,36.14,755
0day00:29:00,4.8870,1.9903,3.9294,0.8630,35.12,36.38,755
0day00:29:10,4.8860,1.9906,3.9564,0.8685,35.36,36.61,756
0day00:29:20,4.8870,1.9914,3.9834,0.8741,35.60,36.84,755
0day00:29:30,4.8850,1.9905,4.0105,0.8796,35.84,37.08,757
0day00:29:40,4.8850,1.9906,4.0375,0.8851,36.08,37.31,756
0day00:29:50,4.8850,1.9904,4.0645,0.8906,36.33,37.54,757
0day00:30:00,4.8850,1.9911,4.0915,0.8962,36.57,37.78,758
0day00:30:10,4.8860,1.9906,4.1185,0.9017,36.81,38.01,757
0day00:30:20,4.8860,1.9905,4.1455,0.9072,37.05,38.24,755
0day00:30:30,4.8860,1.9902,4.1725,0.9128,37.29,38.48,756
0day00:30:40,4.8860,1.9905,4.1996,0.9183,37.53,38.71,756
0day00:30:50,4.8850,1.9897,4.2265,0.9238,37.77,38.94,758
0day00:31:00,4.8850,1.9908,4.2536,0.9293,38.02,39.17,759
0day00:31:10,4.8850,1.9907,4.2806,0.9349,38.26,39.41,757
0day00:31:20,4.8840,1.9902,4.3076,0.9404,38.50,39.64,758
0day00:31:30,4.8840,1.9898,4.3346,0.9459,38.74,39.87,757
0day00:31:40,4.8840,1.9903,4.3616,0.9515,38.98,40.11,758
0day00:31:50,4.8830,1.9902,4.3886,0.9570,39.22,40.34,759
0day00:32:00,4.8820,1.9905,4.4156,0.9625,39.46,40.57,758
0day00:32:10,4.8810,1.9892,4.4425,0.9680,39.70,40.81,757
0day00:32:20,4.8810,1.9901,4.4695,0.9736,39.95,41.04,757
0day00:32:30,4.8810,1.9900,4.4965,0.9791,40.19,41.27,757
0day00:32:40,4.8810,1.9902,4.5235,0.9846,40.43,41.50,756
0day00:32:50,4.8810,1.9902,4.5505,0.9902,40.67,41.74,754
0day00:33:00,4.8820,1.9903,4.5775,0.9957,40.91,41.97,758
0day00:33:10,4.8820,1.9908,4.6045,1.0012,41.15,42.20,755
0day00:33:20,4.8820,1.9901,4.6314,1.0067,41.39,42.44,757
0day00:33:30,4.8840,1.9907,4.6584,1.0123,41.63,42.67,759
0day00:33:40,4.8830,1.9900,4.6854,1.0178,41.88,42.90,759
0day00:33:50,4.8830,1.9904,4.7124,1.0233,42.12,43.14,758
0day00:34:00,4.8830,1.9912,4.7394,1.0289,42.36,43.37,757
0day00:34:10,4.8830,1.9906,4.7664,1.0344,42.60,43.60,756
0day00:34:20,4.8820,1.9902,4.7934,1.0399,42.84,43.84,760
0day00:34:30,4.8820,1.9902,4.8204,1.0454,43.08,44.07,758
0day00:34:40,4.8820,1.9902,4.8474,1.0510,43.32,44.30,758
0day00:34:50,4.8820,1.9903,4.8744,1.0565,43.56,44.53,758
0day00:35:00,4.8810,1.9903,4.9014,1.0620,43.81,44.77,759
0day00:35:10,4.8800,1.9897,4.9284,1.0676,44.05,45.00,758
0day00:35:20,4.8810,1.9900,4.9553,1.0731,44.29,45.23,756
0day00:35:30,4.8820,1.9910,4.9823,1.0786,44.53,45.47,759
0day00:35:40,4.8820,1.9904,5.0093,1.0841,44.77,45.70,760
0day00:35:50,4.8840,1.9901,5.0363,1.0897,45.01,45.93,758
0day00:36:00,4.8840,1.9899,5.0633,1.0952,45.25,46.17,761
0day00:36:10,4.8840,1.9897,5.0903,1.1007,45.49,46.40,763
0day00:36:20,4.8850,1.9901,5.1173,1.1063,45.74,46.63,765
0day00:36:30,4.8840,1.9904,5.1443,1.1118,45.98,46.86,763
0day00:36:40,4.8830,1.9906,5.1713,1.1173,46.22,47.10,763
0day00:36:50,4.8830,1.9904,5.1983,1.1228,46.46,47.33,763
0day00:37:00,4.8820,1.9907,5.2253,1.1284,46.70,47.56,764
0day00:37:10,4.8820,1.9904,5.2523,1.1339,46.94,47.80,765
0day00:37:20,4.8820,1.9905,5.2793,1.1394,47.18,48.03,766
0day00:37:30,4.8830,1.9907,5.3063,1.1450,47.42,48.26,772
0day00:37:40,4.8840,1.9905,5.3333,1.1505,47.67,48.50,774
0day00:37:50,4.8840,1.9905,5.3603,1.1560,47.91,48.73,774
0day00:38:00,4.8830,1.9905,5.3873,1.1615,48.15,48.96,773
0day00:38:10,4.8820,1.9904,5.4143,1.1671,48.39,49.20,775
0day00:38:20,4.8820,1.9905,5.4413,1.1726,48.63,49.43,775
0day00:38:30,4.8820,1.9902,5.4683,1.1781,48.87,49.66,777
0day00:38:40,4.8820,1.9902,5.4953,1.1837,49.11,49.89,780
0day00:38:50,4.8830,1.9903,5.5223,1.1892,49.35,50.13,784
0day00:39:00,4.8830,1.9906,5.5493,1.1947,49.60,50.36,784
0day00:39:10,4.8830,1.9905,5.5763,1.2003,49.84,50.59,784
0day00:39:20,4.8830,1.9904,5.6033,1.2058,50.08,50.83,786
0day00:39:30,4.8840,1.9903,5.6303,1.2113,50.32,51.06,787
0day00:39:40,4.8840,1.9908,5.6573,1.2168,50.56,51.29,793
0day00:39:50,4.8830,1.9904,5.6843,1.2224,50.80,51.53,791
0day00:40:00,4.8840,1.9903,5.7113,1.2279,51.04,51.76,793
0day00:40:10,4.8850,1.9906,5.7383,1.2334,51.29,51.99,791
0day00:40:20,4.8840,1.9906,5.7653,1.2390,51.53,52.23,789
0day00:40:30,4.8840,1.9907,5.7923,1.2445,51.77,52.46,788
0day00:40:40,4.8830,1.9916,5.8193,1.2500,52.01,52.69,785
0day00:40:50,4.8830,1.9903,5.8463,1.2555,52.25,52.92,784
0day00:41:00,4.8830,1.9903,5.8733,1.2611,52.49,53.16,781
0day00:41:10,4.8830,1.9906,5.9003,1.2666,52.73,53.39,781
0day00:41:20,4.8830,1.9902,5.9273,1.2721,52.97,53.62,778
0day00:41:30,4.8830,1.9905,5.9543,1.2777,53.22,53.86,777
0day00:41:40,4.8830,1.9903,5.9813,1.2832,53.46,54.09,775
0day00:41:50,4.8820,1.9904,6.0083,1.2887,53.70,54.32,777
0day00:42:00,4.8820,1.9907,6.0353,1.2942,53.94,54.56,775
0day00:42:10,4.8810,1.9904,6.0623,1.2998,54.18,54.79,773
0day00:42:20,4.8810,1.9900,6.0893,1.3053,54.42,55.02,774
0day00:42:30,4.8800,1.9904,6.1162,1.3108,54.66,55.25,774
0day00:42:40,4.8810,1.9906,6.1432,1.3164,54.90,55.49,769
0day00:42:50,4.8800,1.9904,6.1702,1.3219,55.15,55.72,774
0day00:43:00,4.8790,1.9904,6.1972,1.3274,55.39,55.95,773
0day00:43:10,4.8780,1.9901,6.2242,1.3329,55.63,56.19,777
0day00:43:20,4.8780,1.9899,6.2511,1.3385,55.87,56.42,778
0day00:43:30,4.8790,1.9902,6.2781,1.3440,56.11,56.65,780
0day00:43:40,4.8800,1.9900,6.3051,1.3495,56.35,56.89,782
0day00:43:50,4.8810,1.9902,6.3320,1.3551,56.59,57.12,779
0day00:44:00,4.8800,1.9895,6.3590,1.3606,56.83,57.35,777
0day00:44:10,4.8800,1.9904,6.3860,1.3661,57.07,57.59,781
0day00:44:20,4.8800,1.9901,6.4130,1.3716,57.32,57.82,781
0day00:44:30,4.8800,1.9904,6.4400,1.3772,57.56,58.05,779
0day00:44:40,4.8800,1.9900,6.4669,1.3827,57.80,58.28,783
0day00:44:50,4.8810,1.9904,6.4939,1.3882,58.04,58.52,780
0day00:45:00,4.8810,1.9901,6.5209,1.3938,58.28,58.75,780
0day00:45:10,4.8790,1.9908,6.5479,1.3993,58.52,58.98,783
0day00:45:20,4.8780,1.9903,6.5749,1.4048,58.76,59.22,782
0day00:45:30,4.8780,1.9898,6.6018,1.4103,59.00,59.45,779
0day00:45:40,4.8770,1.9900,6.6288,1.4159,59.24,59.68,781
0day00:45:50,4.8800,1.9901,6.6557,1.4214,59.49,59.92,780
0day00:46:00,4.8800,1.9902,6.6827,1.4269,59.73,60.15,782
0day00:46:10,4.8810,1.9901,6.7097,1.4325,59.97,60.38,788
0day00:46:20,4.8810,1.9903,6.7367,1.4380,60.21,60.61,788
0day00:46:30,4.8810,1.9900,6.7637,1.4435,60.45,60.85,791
0day00:46:40,4.8800,1.9900,6.7907,1.4490,60.69,61.08,791
0day00:46:50,4.8800,1.9901,6.8176,1.4546,60.93,61.31,794
0day00:47:00,4.8800,1.9903,6.8446,1.4601,61.17,61.55,798
0day00:47:10,4.8800,1.9901,6.8716,1.4656,61.41,61.78,799
0day00:47:20,4.8800,1.9905,6.8986,1.4712,61.66,62.01,801
0day00:47:30,4.8800,1.9904,6.9255,1.4767,61.90,62.25,806
0day00:47:40,4.8790,1.9903,6.9525,1.4822,62.14,62.48,810
0day00:47:50,4.8790,1.9899,6.9795,1.4877,62.38,62.71,805
0day00:48:00,4.8790,1.9901,7.0065,1.4933,62.62,62.94,807
0day00:48:10,4.8780,1.9912,7.0334,1.4988,62.86,63.18,813
0day00:48:20,4.8790,1.9901,7.0604,1.5043,63.10,63.41,815
0day00:48:30,4.8790,1.9901,7.0874,1.5099,63.34,63.64,817
0day00:48:40,4.8790,1.9899,7.1144,1.5154,63.58,63.88,827
0day00:48:50,4.8790,1.9900,7.1413,1.5209,63.82,64.11,836
0day00:49:00,4.8790,1.9900,7.1683,1.5264,64.07,64.34,831
0day00:49:10,4.8740,1.9900,7.1952,1.5320,64.31,64.58,840
0day00:49:20,2.6380,0.8896,7.2018,1.5344,64.37,64.68,175.0
0day00:49:30,2.6070,0.7908,7.2075,1.5366,64.42,64.77,138.7
0day00:49:40,2.5820,0.6977,7.2125,1.5386,64.46,64.85,128.1
0day00:49:50,2.5730,0.6690,7.2173,1.5404,64.50,64.93,122.5
0day00:50:00,2.5750,0.6747,7.2221,1.5423,64.55,65.01,121.5
0day00:50:10,2.5940,0.7352,7.2274,1.5443,64.59,65.10,125.2
0day00:50:20,2.6250,0.8999,7.2340,1.5468,64.65,65.20,135.1
0day00:50:30,2.6360,0.9674,7.2410,1.5495,64.72,65.32,164.5
0day00:50:40,4.8840,1.9885,7.2680,1.5551,64.96,65.55,281
0day00:50:50,4.8890,1.9897,7.2950,1.5606,65.20,65.78,845
0day00:51:00,4.8880,1.9896,7.3220,1.5661,65.44,66.02,851
0day00:51:10,4.8870,1.9901,7.3491,1.5716,65.68,66.25,831
0day00:51:20,4.8850,1.9899,7.3761,1.5772,65.92,66.48,832
0day00:51:30,4.8850,1.9900,7.4031,1.5827,66.16,66.71,827
0day00:51:40,4.8840,1.9899,7.4301,1.5882,66.41,66.95,825
0day00:51:50,4.8830,1.9902,7.4571,1.5937,66.65,67.18,821
0day00:52:00,4.8820,1.9901,7.4840,1.5993,66.89,67.41,819
0day00:52:10,4.8820,1.9902,7.5110,1.6048,67.13,67.65,819
0day00:52:20,4.8810,1.9901,7.5380,1.6103,67.37,67.88,817
0day00:52:30,4.8810,1.9901,7.5650,1.6159,67.61,68.11,816
0day00:52:40,4.8810,1.9903,7.5920,1.6214,67.85,68.35,815
0day00:52:50,4.8810,1.9902,7.6190,1.6269,68.09,68.58,814
0day00:53:00,4.8800,1.9900,7.6459,1.6324,68.34,68.81,814
0day00:53:10,4.8800,1.9902,7.6729,1.6380,68.58,69.04,810
0day00:53:20,4.8800,1.9901,7.6999,1.6435,68.82,69.28,810
0day00:53:30,4.8790,1.9895,7.7269,1.6490,69.06,69.51,808
0day00:53:40,4.8780,1.9896,7.7538,1.6546,69.30,69.74,810
0day00:53:50,4.8770,1.9897,7.7808,1.6601,69.54,69.98,811
0day00:54:00,4.8770,1.9899,7.8077,1.6656,69.78,70.21,813
0day00:54:10,4.8770,1.9897,7.8347,1.6711,70.02,70.44,815
0day00:54:20,4.8770,1.9900,7.8617,1.6767,70.26,70.68,814
0day00:54:30,4.8760,1.9899,7.8886,1.6822,70.50,70.91,812
0day00:54:40,4.8760,1.9893,7.9155,1.6877,70.74,71.14,819
0day00:54:50,4.8760,1.9897,7.9425,1.6932,70.99,71.37,824
0day00:55:00,4.8760,1.9888,7.9694,1.6988,71.23,71.61,831
0day00:55:10,4.8770,1.9900,7.9964,1.7043,71.47,71.84,836
0day00:55:20,4.8770,1.9898,8.0233,1.7098,71.71,72.07,840
0day00:55:30,4.8760,1.9897,8.0503,1.7154,71.95,72.31,845
0day00:55:40,4.8760,1.9900,8.0773,1.7209,72.19,72.54,851
0day00:55:50,4.8740,1.9902,8.1042,1.7264,72.43,72.77,866
0day00:56:00,3.4530,1.8000,8.1215,1.7314,72.58,72.98,349
0day00:56:10,2.7560,1.4328,8.1324,1.7354,72.68,73.15,375
0day00:56:20,4.8790,1.9897,8.1594,1.7409,72.92,73.38,647
0day00:56:30,4.8770,1.9897,8.1864,1.7464,73.16,73.62,791
0day00:56:40,4.8780,1.9898,8.2133,1.7520,73.41,73.85,823
0day00:56:50,4.8770,1.9904,8.2403,1.7575,73.65,74.08,833
0day00:57:00,4.8770,1.9903,8.2672,1.7630,73.89,74.32,836
0day00:57:10,4.8770,1.9900,8.2942,1.7686,74.13,74.55,842
0day00:57:20,4.8760,1.9896,8.3211,1.7741,74.37,74.78,653
0day00:57:30,3.1340,1.6954,8.3359,1.7788,74.50,74.98,709
0day00:57:40,4.5810,1.9900,8.3612,1.7843,74.73,75.21,513
0day00:57:50,4.8790,1.9896,8.3882,1.7898,74.97,75.45,734
0day00:58:00,4.8790,1.9907,8.4152,1.7954,75.21,75.68,815
0day00:58:10,4.8790,1.9902,8.4421,1.8009,75.45,75.91,817
0day00:58:20,4.8780,1.9901,8.4691,1.8064,75.69,76.15,817
0day00:58:30,4.8780,1.9902,8.4961,1.8120,75.93,76.38,816
0day00:58:40,4.8790,1.9898,8.5230,1.8175,76.17,76.61,820
0day00:58:50,4.8790,1.9907,8.5500,1.8230,76.42,76.84,826
0day00:59:00,4.8790,1.9901,8.5770,1.8285,76.66,77.08,825
0day00:59:10,4.8770,1.9904,8.6040,1.8341,76.90,77.31,822
0day00:59:20,4.8770,1.9900,8.6309,1.8396,77.14,77.54,825
0day00:59:30,4.8770,1.9897,8.6579,1.8451,77.38,77.78,824
0day00:59:40,4.8760,1.9899,8.6848,1.8507,77.62,78.01,824
0day00:59:50,4.8760,1.9897,8.7118,1.8562,77.86,78.24,823
0day01:00:00,4.8760,1.9904,8.7387,1.8617,78.10,78.48,823
0day01:00:10,4.8760,1.9896,8.7657,1.8672,78.34,78.71,817
0day01:00:20,4.8760,1.9896,8.7926,1.8728,78.58,78.94,818
0day01:00:30,4.8750,1.9900,8.8196,1.8783,78.82,79.17,818
0day01:00:40,4.8750,1.9897,8.8465,1.8838,79.07,79.41,815
0day01:00:50,4.8740,1.9892,8.8735,1.8893,79.31,79.64,815
0day01:01:00,4.8740,1.9891,8.9004,1.8949,79.55,79.87,816
0day01:01:10,4.8750,1.9897,8.9273,1.9004,79.79,80.11,817
0day01:01:20,4.8740,1.9907,8.9543,1.9059,80.03,80.34,817
0day01:01:30,4.8750,1.9898,8.9812,1.9115,80.27,80.57,821
0day01:01:40,4.8750,1.9899,9.0082,1.9170,80.51,80.81,826
0day01:01:50,4.8750,1.9893,9.0351,1.9225,80.75,81.04,838
0day01:02:00,3.4180,1.8336,9.0525,1.9276,80.91,81.25,495
0day01:02:10,2.6180,0.8836,9.0589,1.9301,80.96,81.36,160.6
0day01:02:20,3.3770,1.7975,9.0758,1.9350,81.11,81.57,211
0day01:02:30,2.5990,0.8298,9.0818,1.9374,81.17,81.66,140.2
0day01:02:40,2.7290,1.4017,9.0924,1.9412,81.26,81.83,147.8
0day01:02:50,4.8840,1.9894,9.1194,1.9468,81.50,82.06,659
0day01:03:00,4.8820,1.9896,9.1464,1.9523,81.75,82.29,853
0day01:03:10,4.8810,1.9900,9.1734,1.9578,81.99,82.53,845
0day01:03:20,4.8800,1.9901,9.2004,1.9634,82.23,82.76,838
0day01:03:30,4.8800,1.9901,9.2273,1.9689,82.47,82.99,501
0day01:03:40,4.8800,1.9901,9.2543,1.9744,82.71,83.23,840
0day01:03:50,4.8800,1.9900,9.2813,1.9799,82.95,83.46,841
0day01:04:00,4.8790,1.9903,9.3083,1.9855,83.19,83.69,835
0day01:04:10,4.8790,1.9901,9.3352,1.9910,83.43,83.93,834
0day01:04:20,4.8790,1.9900,9.3622,1.9965,83.67,84.16,834
0day01:04:30,4.8790,1.9902,9.3892,2.0021,83.91,84.39,831
0day01:04:40,4.8780,1.9904,9.4161,2.0076,84.16,84.62,830
0day01:04:50,4.8780,1.9904,9.4431,2.0131,84.40,84.86,826
0day01:05:00,4.8790,1.9901,9.4701,2.0186,84.64,85.09,826
0day01:05:10,4.8780,1.9900,9.4970,2.0242,84.88,85.32,825
0day01:05:20,4.8780,1.9901,9.5240,2.0297,85.12,85.56,827
0day01:05:30,4.8780,1.9898,9.5510,2.0352,85.36,85.79,826
0day01:05:40,4.8790,1.9900,9.5779,2.0407,85.60,86.02,830
0day01:05:50,4.8790,1.9900,9.6049,2.0463,85.84,86.26,829
0day01:06:00,4.8790,1.9902,9.6319,2.0518,86.08,86.49,823
0day01:06:10,4.8790,1.9904,9.6589,2.0573,86.33,86.72,822
0day01:06:20,4.8790,1.9912,9.6858,2.0629,86.57,86.95,824
0day01:06:30,4.8770,1.9902,9.7128,2.0684,86.81,87.19,806
0day01:06:40,4.8790,1.9902,9.7398,2.0739,87.05,87.42,819
0day01:06:50,4.8790,1.9902,9.7668,2.0794,87.29,87.65,820
0day01:07:00,4.8790,1.9902,9.7937,2.0850,87.53,87.89,818
0day01:07:10,4.8780,1.9902,9.8207,2.0905,87.77,88.12,821
0day01:07:20,4.8770,1.9904,9.8477,2.0960,88.01,88.35,819
0day01:07:30,4.8780,1.9901,9.8746,2.1016,88.25,88.59,822
0day01:07:40,4.8790,1.9902,9.9016,2.1071,88.49,88.82,824
0day01:07:50,4.8790,1.9899,9.9286,2.1126,88.74,89.05,825
0day01:08:00,4.8790,1.9903,9.9555,2.1181,88.98,89.29,833
0day01:08:10,3.7190,1.9606,9.9758,2.1236,89.16,89.51,837
0day01:08:20,4.8790,1.9902,10.0028,2.1291,89.40,89.75,588
0day01:08:30,4.8790,1.9901,10.0297,2.1347,89.64,89.98,815
0day01:08:40,4.8790,1.9903,10.0567,2.1402,89.88,90.21,817
0day01:08:50,4.8790,1.9901,10.0837,2.1457,90.12,90.45,817
0day01:09:00,4.8790,1.9899,10.1107,2.1512,90.36,90.68,815
0day01:09:10,4.8780,1.9900,10.1376,2.1568,90.60,90.91,818
0day01:09:20,4.8770,1.9899,10.1646,2.1623,90.85,91.15,820
0day01:09:30,4.8760,1.9900,10.1915,2.1678,91.09,91.38,814
0day01:09:40,4.8760,1.9901,10.2185,2.1733,91.33,91.61,815
0day01:09:50,4.8760,1.9891,10.2454,2.1789,91.57,91.84,817
0day01:10:00,4.8770,1.9901,10.2724,2.1844,91.81,92.08,815
0day01:10:10,4.8770,1.9900,10.2993,2.1899,92.05,92.31,818
0day01:10:20,4.8770,1.9899,10.3263,2.1955,92.29,92.54,825
0day01:10:30,4.8770,1.9898,10.3533,2.2010,92.53,92.78,826
0day01:10:40,4.8780,1.9894,10.3802,2.2065,92.77,93.01,828
0day01:10:50,4.8780,1.9903,10.4072,2.2120,93.01,93.24,835
0day01:11:00,4.8790,1.9902,10.4342,2.2176,93.25,93.48,834
0day01:11:10,4.8790,1.9899,10.4611,2.2231,93.50,93.71,834
0day01:11:20,4.8790,1.9899,10.4881,2.2286,93.74,93.94,833
0day01:11:30,4.8790,1.9904,10.5151,2.2341,93.98,94.17,830
0day01:11:40,4.8790,1.9906,10.5420,2.2397,94.22,94.41,817
0day01:11:50,4.8780,1.9906,10.5690,2.2452,94.46,94.64,814
0day01:12:00,4.8770,1.9902,10.5960,2.2507,94.70,94.87,826
0day01:12:10,4.8780,1.9900,10.6229,2.2563,94.94,95.11,823
0day01:12:20,4.8780,1.9903,10.6499,2.2618,95.18,95.34,813
0day01:12:30,4.8790,1.9902,10.6769,2.2673,95.42,95.57,816
0day01:12:40,4.8780,1.9901,10.7039,2.2728,95.66,95.81,813
0day01:12:50,4.8790,1.9901,10.7308,2.2784,95.91,96.04,815
0day01:13:00,4.8780,1.9901,10.7578,2.2839,96.15,96.27,816
0day01:13:10,4.8780,1.9900,10.7848,2.2894,96.39,96.51,814
0day01:13:20,4.8770,1.9903,10.8117,2.2950,96.63,96.74,816
0day01:13:30,4.8770,1.9900,10.8387,2.3005,96.87,96.97,815
0day01:13:40,4.8760,1.9899,10.8656,2.3060,97.11,97.20,816
0day01:13:50,4.8750,1.9899,10.8926,2.3115,97.35,97.44,817
0day01:14:00,4.8750,1.9899,10.9195,2.3171,97.59,97.67,815
0day01:14:10,4.8750,1.9897,10.9465,2.3226,97.83,97.90,820
0day01:14:20,4.8740,1.9898,10.9734,2.3281,98.07,98.14,820
0day01:14:30,4.8740,1.9898,11.0003,2.3337,98.31,98.37,819
0day01:14:40,4.8730,1.9898,11.0273,2.3392,98.56,98.60,820
0day01:14:50,4.8740,1.9897,11.0542,2.3447,98.80,98.84,816
0day01:15:00,4.8740,1.9898,11.0812,2.3502,99.04,99.07,817
0day01:15:10,4.8740,1.9901,11.1081,2.3558,99.28,99.30,822
0day01:15:20,4.8750,1.9895,11.1350,2.3613,99.52,99.53,817
0day01:15:30,4.8750,1.9893,11.1620,2.3668,99.76,99.77,817
0day01:15:40,4.8750,1.9890,11.1889,2.3723,100.00,100.00,814
0day01:15:50,4.9010,1.9892,11.2160,2.3779,100.24,100.23,821
